bag,split,flip_frame,decision,turn_done_frame,stride
rosbag2-keller-t1,train,159,turn_right,380,2
rosbag2-keller-t2,train,153,turn_left,375,2
rosbag2-keller-t3,train,150,turn_right,699,2
rosbag2-keller-t4,train,240,straight,,2
rosbag2-keller-t5,train,230,turn_left,391,2
rosbag2-keller-t6,train,280,straight,,2
rosbag2-keller-t7,train,111,turn_left,480,2
rosbag2-keller-t8,train,114,turn_right,435,2
rosbag2-keller-t9,train,208,turn_right,569,3
rosbag2-keller-t10,train,180,straight,,3
rosbag2-keller-t11,train,2,turn_right,168,3
rosbag2-keller-t12,train,33,turn_left,219,3
rosbag2-keller-t13,train,0,turn_left,333,3
rosbag2-keller-t14,train,32,turn_right,318,3
rosbag2-keller-t15,train,162,turn_left,445,3
rosbag2-keller-t16,train,160,turn_right,468,3
rosbag2-keller-t17,train,40,turn_right,347,3
rosbag2-keller-t18,train,10,straight,,3
rosbag2-keller-t19,train,110,turn_left,442,3
rosbag2-keller-t20,train,254,straight,,3
rosbag2-keller-t21,train,186,turn_left,481,3
rosbag2-keller-t22,train,295,straight,,3
rosbag2-keller-t23,train,303,turn_right,510,3
rosbag2-keller-t24,train,199,straight,,3
rosbag2-keller-t25,train,145,turn_left,407,3
rosbag2-keller-t26,train,0,straight,,3
rosbag2-keller-t27,train,4,straight,,3
rosbag2-keller-t28,train,220,turn_left,421,3
rosbag2-keller-t29,train,238,turn_left,477,3
rosbag2-keller-t30,train,36,turn_left,615,3
rosbag2-keller-t31,train,0,turn_right,427,3
rosbag2-keller-t32,train,90,turn_right,502,3
rosbag2-keller-t33,train,68,turn_left,488,3
rosbag2-keller-t34,train,120,turn_right,476,3
rosbag2-keller-t35,train,46,turn_left,413,3
rosbag2-keller-t36,train,43,turn_left,537,3
rosbag2-keller-t37,train,0,turn_left,253,3
rosbag2-keller-t38,train,18,turn_right,422,3
rosbag2-keller-t39,train,0,straight,,3
rosbag2-keller-t40,train,0,straight,,3
rosbag2-keller-t41,train,0,straight,,3
rosbag2-keller-t42,train,0,straight,,3
rosbag2-keller-t43,train,213,turn_left,496,3
rosbag2-keller-t44,train,0,turn_right,327,3
rosbag2-keller-t45,train,0,turn_left,387,3
rosbag2-keller-t46,train,0,straight,,3
rosbag2-keller-t47,train,83,turn_right,505,3
rosbag2-keller-t48,train,0,straight,,3
rosbag2-keller-t49,train,78,turn_left,524,3
rosbag2-keller-t50,train,90,turn_left,463,3
rosbag2-keller-t51,train,0,turn_left,293,3
rosbag2-keller-t52,train,0,turn_right,362,3
rosbag2-keller-t53,train,126,turn_right,686,3
rosbag2-keller-t54,train,51,turn_right,522,3
rosbag2-keller-t55,train,57,turn_right,485,3
rosbag2-keller-t56,train,39,turn_right,353,3
rosbag2-keller-t57,train,94,turn_right,460,3
rosbag2-keller-t58,train,68,turn_right,453,3
rosbag2-keller-t59,train,9,turn_left,390,3
rosbag2-keller-t60,train,0,straight,,3
rosbag2-keller-t61,train,0,turn_left,371,3
rosbag2-keller-t62,train,42,turn_left,395,3
rosbag2-keller-t63,train,0,turn_right,245,3
rosbag2-keller-t64,train,80,turn_right,482,3
rosbag2-keller-t65,train,0,straight,,3
rosbag2-keller-t66,train,180,turn_right,547,3
rosbag2-keller-t67,train,0,turn_right,377,3
rosbag2-keller-t68,train,50,turn_left,409,3
rosbag2-keller-t69,train,0,turn_right,398,3
rosbag2-keller-t70,train,0,turn_right,381,3
rosbag2-keller-t71,train,0,turn_right,363,3
rosbag2-keller-t72,train,0,turn_right,175,3
rosbag2-keller-t73,train,0,straight,,3
rosbag2-keller-t74,train,0,turn_left,430,3
rosbag2-keller-t75,train,50,turn_left,319,3
rosbag2-keller-t76,train,172,turn_left,481,3
rosbag2-keller-t77,train,0,turn_left,259,3
rosbag2-keller-t78,train,273,turn_right,516,3
rosbag2-keller-t79,train,20,turn_left,331,3
rosbag2-keller-t80,train,40,turn_right,282,3
rosbag2-keller-t81,train,0,turn_right,246,3
rosbag2-keller-t82,train,0,straight,,3
rosbag2-keller-t83,train,0,turn_right,240,3
rosbag2-keller-t84,train,0,turn_left,234,3
rosbag2-keller-t85,train,0,turn_left,194,3
rosbag2-keller-t86,train,45,turn_left,288,3
rosbag2-keller-t87,train,0,turn_left,221,3
rosbag2-keller-t88,train,0,turn_right,164,3
rosbag2-keller-t89,train,82,turn_right,294,3
rosbag2-keller-t90,train,0,turn_left,296,3
rosbag2-keller-t91,train,0,turn_right,283,3
rosbag2-keller-t92,train,0,straight,,3
rosbag2-keller-t93,train,0,straight,,3
rosbag2-keller-e1,val,190,turn_right,522,2
rosbag2-keller-e2,val,190,turn_left,443,2
rosbag2-keller-e3,val,191,straight,,2
