image,goal,expected
frame_27s.png,Stairs,not_applicable
hsec-25_21s.png,Elevators,not_applicable
hsec-26_15s.png,3-120,not_applicable
hsec-28_11s.png,Moos Tower,not_applicable
keller-44_00s.png,Study Lounges,not_applicable
keller-c2_00s.png,Restrooms,not_applicable
keller-c9_00s.png,6-345,not_applicable
keller-t2_08s.png,Staff Elevator,not_applicable
rapson-11_15s.png,129,not_applicable
rapson-9_15s.png,98,not_applicable
keller-t17_06s.png,2-298,not_applicable
keller-t24_10s.png,6-209,not_applicable
keller-t25_07s.png,6-260,not_applicable
meche-5_25s.png,195,not_applicable
moos-14_23s.png,3-123,not_applicable
pwb-19_19s.png,2-239,not_applicable
rapson-8_11s.png,129,not_applicable
keller-t13_05s.png,3-238,not_applicable
keller-t8_14s.png,2-300,not_applicable
keller-t4_18s.png,5-100,not_applicable
