image,goal,expected
frame_27s.png,2115,straight
hsec-25_21s.png,2-353,turn_right
hsec-26_15s.png,2-113,straight
hsec-28_11s.png,2-359,turn_left
keller-44_00s.png,2-120,turn_right
keller-c2_00s.png,4-158,turn_right
keller-c9_00s.png,6-235,turn_right
keller-t2_08s.png,5-215,turn_right
rapson-11_15s.png,56,turn_left
rapson-9_15s.png,40,turn_left
keller-t17_06s.png,2-139,straight
keller-t24_10s.png,6-117,turn_right
keller-t25_07s.png,6-123,turn_left
meche-5_25s.png,103,turn_left
moos-14_23s.png,3-323,straight
pwb-19_19s.png,2-159,straight
rapson-8_11s.png,105,straight
keller-t13_05s.png,3-133,turn_right
keller-t8_14s.png,2-273,turn_left
keller-t4_18s.png,5-145,straight
