frame,t_s,s_m,ref_x,ref_y,ref_yaw_deg,vla_x,vla_y,lat_err_cm,lon_err_cm,phase,wp1_lat_cm,wp2_lat_cm,wp3_lat_cm,wp4_lat_cm,wp5_lat_cm,wp6_lat_cm,wp7_lat_cm,wp8_lat_cm,wp1_lon_cm,wp2_lon_cm,wp3_lon_cm,wp4_lon_cm,wp5_lon_cm,wp6_lon_cm,wp7_lon_cm,wp8_lon_cm
0,0.0,0.0,0.0,0.0,0.0,0.4821,-0.0057,-0.568,32.507,n/a,-0.01,-0.022,-0.005,-0.349,-0.779,-0.52,-0.632,-0.568,5.201,10.507,14.432,18.797,21.813,24.126,29.73,32.507
2,0.1,0.0082,0.0082,-0.0,0.0,0.4857,-0.0065,-0.647,29.755,n/a,-0.013,-0.026,-0.022,-0.384,-0.826,-0.616,-0.784,-0.647,4.576,9.783,13.407,17.506,19.74,22.053,27.495,29.755
4,0.2,0.0226,0.0226,-0.0,0.0,0.5047,-0.0053,-0.529,28.348,n/a,-0.012,-0.028,-0.02,-0.369,-0.795,-0.61,-0.662,-0.529,4.565,9.469,12.982,16.646,18.983,21.082,26.151,28.348
6,0.3,0.0376,0.0376,-0.0,-0.0,0.5206,-0.0057,-0.568,26.852,n/a,-0.014,-0.03,-0.025,-0.384,-0.842,-0.644,-0.791,-0.568,4.266,9.097,12.053,15.629,17.504,19.47,24.588,26.852
8,0.4,0.0561,0.0561,-0.0,-0.0,0.54,-0.0058,-0.578,25.086,n/a,-0.014,-0.029,-0.019,-0.399,-0.842,-0.616,-0.746,-0.578,4.157,8.433,11.362,14.598,16.303,18.153,23.515,25.086
10,0.5,0.0758,0.0758,-0.0,-0.0,0.5672,-0.0054,-0.539,24.226,n/a,-0.012,-0.031,-0.029,-0.389,-0.803,-0.588,-0.708,-0.539,3.654,7.965,10.611,13.75,15.324,17.605,22.438,24.226
12,0.6,0.1011,0.1011,-0.0,-0.0,0.5879,-0.0058,-0.578,22.357,n/a,-0.014,-0.028,-0.022,-0.394,-0.834,-0.571,-0.723,-0.578,3.554,7.476,9.893,12.833,14.714,16.149,20.986,22.357
14,0.7,0.1273,0.1273,-0.0,-0.0,0.6047,-0.0052,-0.519,20.269,n/a,-0.012,-0.026,-0.019,-0.379,-0.826,-0.554,-0.7,-0.519,3.022,6.68,8.795,11.824,12.779,14.331,18.832,20.269
16,0.8,0.157,0.157,-0.0,-0.0,0.6345,-0.0048,-0.479,19.159,n/a,-0.012,-0.024,-0.023,-0.364,-0.818,-0.526,-0.685,-0.479,2.902,6.323,8.684,11.141,12.239,13.225,17.959,19.159
18,0.9,0.1881,0.1881,-0.0,-0.0,0.6544,-0.0049,-0.489,16.863,n/a,-0.011,-0.017,-0.015,-0.369,-0.795,-0.531,-0.639,-0.489,2.626,6.171,7.793,10.238,10.87,12.14,16.074,16.863
20,1.0,0.2212,0.2212,-0.0,-0.0,0.6856,-0.0039,-0.39,15.929,n/a,-0.011,-0.016,-0.013,-0.334,-0.779,-0.441,-0.578,-0.39,2.796,5.697,7.452,9.51,10.171,11.078,14.932,15.929
22,1.1,0.2521,0.2521,-0.0,-0.0,0.7072,-0.0036,-0.361,13.33,n/a,-0.011,-0.015,-0.01,-0.324,-0.771,-0.441,-0.548,-0.361,2.021,4.859,6.161,8.393,8.573,9.167,12.889,13.33
24,1.2,0.2892,0.2892,-0.0,-0.0,0.7442,-0.0034,-0.341,12.297,n/a,-0.01,-0.013,-0.0,-0.313,-0.748,-0.407,-0.495,-0.341,2.114,4.652,5.992,8.064,7.996,8.676,11.844,12.297
26,1.3,0.325,0.325,-0.0,-0.0,0.78,-0.0043,-0.43,11.851,n/a,-0.011,-0.019,-0.0,-0.318,-0.779,-0.43,-0.525,-0.43,1.776,4.486,5.519,7.306,7.635,7.643,10.68,11.851
28,1.4,0.3644,0.3644,-0.0,-0.0,0.8287,-0.0052,-0.519,12.01,n/a,-0.011,-0.016,0.008,-0.318,-0.755,-0.475,-0.487,-0.519,2.052,4.514,5.429,7.432,7.302,7.411,11.506,12.01
30,1.5,0.402,0.402,-0.0,-0.0,0.8589,-0.0038,-0.381,10.447,n/a,-0.01,-0.01,0.021,-0.308,-0.755,-0.385,-0.404,-0.381,1.63,3.822,4.957,6.252,5.968,6.729,9.981,10.447
32,1.6,0.4429,0.4429,-0.0,-0.0,0.8979,-0.0027,-0.272,9.471,n/a,-0.009,-0.015,0.022,-0.318,-0.692,-0.385,-0.35,-0.272,1.392,3.777,4.108,5.5,5.913,5.816,9.153,9.471
34,1.7,0.4858,0.4858,-0.0,-0.0,0.9464,-0.0033,-0.331,9.472,n/a,-0.009,-0.014,0.041,-0.301,-0.708,-0.368,-0.312,-0.331,1.711,3.484,3.871,5.958,5.723,6.087,9.223,9.472
36,1.8,0.5263,0.5263,-0.0,-0.0,0.9832,-0.0026,-0.262,7.703,n/a,-0.008,-0.009,0.031,-0.324,-0.716,-0.311,-0.358,-0.262,0.963,2.7,3.76,5.106,5.077,4.841,7.941,7.703
38,1.9,0.5739,0.5739,-0.0,-0.0,1.027,-0.003,-0.302,6.857,n/a,-0.008,-0.005,0.035,-0.296,-0.716,-0.311,-0.252,-0.302,0.949,3.38,3.908,5.178,4.833,4.607,7.075,6.857
40,2.0,0.6213,0.6213,-0.0,-0.0,1.0903,-0.0046,-0.46,7.199,n/a,-0.009,-0.01,0.022,-0.303,-0.692,-0.334,-0.343,-0.46,1.874,3.805,4.54,5.819,5.57,5.178,7.995,7.199
42,2.1,0.6615,0.6615,-0.0,-0.0,1.1259,-0.0036,-0.361,5.997,n/a,-0.008,-0.005,0.035,-0.293,-0.677,-0.289,-0.282,-0.361,1.104,3.07,3.54,4.804,3.9,3.69,5.701,5.997
44,2.2,0.7086,0.7086,-0.0,-0.0,1.1758,-0.0035,-0.351,5.45,n/a,-0.008,-0.005,0.043,-0.291,-0.661,-0.311,-0.252,-0.351,1.313,2.983,3.521,4.211,3.749,2.703,6.071,5.45
46,2.3,0.7545,0.7545,-0.0,-0.0,1.2207,-0.0036,-0.361,4.675,n/a,-0.008,-0.003,0.047,-0.313,-0.653,-0.362,-0.282,-0.361,1.02,2.648,2.615,3.472,2.227,2.387,5.03,4.675
48,2.4,0.8032,0.8032,-0.0,-0.0,1.2695,-0.0038,-0.381,3.484,n/a,-0.009,-0.006,0.037,-0.334,-0.637,-0.334,-0.29,-0.381,1.014,2.071,2.229,2.266,2.345,1.579,4.476,3.484
50,2.5,0.8517,0.8517,-0.0,-0.0,1.3217,-0.0039,-0.39,3.883,n/a,-0.008,-0.008,0.047,-0.329,-0.653,-0.334,-0.267,-0.39,0.443,1.74,1.233,2.594,1.827,1.442,3.666,3.883
52,2.6,0.9062,0.9062,-0.0,-0.0,1.365,-0.0043,-0.43,2.495,n/a,-0.009,-0.009,0.025,-0.364,-0.732,-0.362,-0.373,-0.43,0.555,1.007,1.709,2.069,1.355,-0.027,3.227,2.495
54,2.7,0.9585,0.9585,-0.0,-0.0,1.4172,-0.0051,-0.509,1.861,n/a,-0.009,-0.016,0.022,-0.344,-0.748,-0.362,-0.404,-0.509,-0.18,1.525,1.429,2.077,0.513,0.523,2.648,1.861
56,2.8,1.0183,1.0183,-0.0,-0.0,1.4696,-0.0053,-0.529,1.764,n/a,-0.009,-0.007,0.027,-0.313,-0.732,-0.368,-0.381,-0.529,0.984,1.72,1.894,1.705,1.201,0.218,2.115,1.764
58,2.9,1.0659,1.0659,-0.0,-0.0,1.5191,-0.0053,-0.529,1.135,n/a,-0.009,-0.011,0.019,-0.318,-0.716,-0.43,-0.457,-0.529,0.226,1.387,0.731,1.838,0.478,-0.456,1.867,1.135
60,3.0,1.1213,1.1213,-0.0,-0.0,1.5708,-0.0052,-0.519,-0.184,n/a,-0.01,-0.009,0.014,-0.339,-0.763,-0.458,-0.472,-0.519,0.49,0.812,1.455,1.562,0.041,-0.393,1.67,-0.184
62,3.1,1.174,1.174,-0.0,-0.0,1.6271,-0.0064,-0.637,0.535,n/a,-0.012,-0.013,0.005,-0.359,-0.787,-0.481,-0.487,-0.637,-0.287,1.308,1.218,1.066,0.209,-0.559,0.778,0.535
64,3.2,1.2346,1.2346,-0.0,-0.0,1.6972,-0.0062,-0.618,1.939,n/a,-0.011,-0.014,0.016,-0.349,-0.803,-0.486,-0.495,-0.618,1.052,1.853,1.682,2.184,1.063,-0.267,2.668,1.939
66,3.3,1.2828,1.2828,-0.0,-0.0,1.7519,-0.0074,-0.736,2.121,n/a,-0.012,-0.017,-0.003,-0.364,-0.818,-0.492,-0.54,-0.736,0.265,1.012,1.42,1.672,-0.187,-0.084,2.303,2.121
68,3.4,1.34,1.34,-0.0,-0.0,1.8044,-0.0078,-0.776,1.504,n/a,-0.011,-0.017,0.01,-0.374,-0.818,-0.526,-0.434,-0.776,0.089,1.273,1.458,0.808,0.315,-0.244,2.405,1.504
70,3.5,1.3986,1.3986,-0.0,-0.0,1.8779,-0.0068,-0.677,3.135,n/a,-0.012,-0.016,0.001,-0.374,-0.779,-0.481,-0.525,-0.677,0.753,1.782,1.048,2.087,1.176,0.895,3.382,3.135
72,3.6,1.452,1.452,-0.0,-0.0,1.9304,-0.006,-0.598,2.53,n/a,-0.014,-0.02,0.001,-0.359,-0.771,-0.514,-0.442,-0.598,0.515,0.655,1.538,1.875,1.343,0.502,3.081,2.53
74,3.7,1.5077,1.5077,-0.0,-0.0,1.9796,-0.0057,-0.568,1.989,n/a,-0.011,-0.012,0.025,-0.349,-0.795,-0.52,-0.404,-0.568,-0.514,1.135,1.295,1.917,0.505,-0.072,2.31,1.989
76,3.8,1.5726,1.5726,-0.0,-0.0,2.0594,-0.0061,-0.608,4.186,n/a,-0.008,-0.004,0.037,-0.324,-0.779,-0.452,-0.381,-0.608,1.22,2.424,2.932,3.163,2.172,1.706,4.575,4.186
78,3.9,1.6218,1.6218,-0.0,-0.0,2.117,-0.0065,-0.647,4.375,n/a,-0.009,-0.012,0.016,-0.318,-0.748,-0.413,-0.495,-0.647,0.621,2.229,2.199,2.508,1.602,1.521,4.124,4.375
80,4.0,1.6778,1.6778,-0.0,-0.0,2.186,-0.0084,-0.845,5.432,n/a,-0.009,-0.021,0.008,-0.329,-0.755,-0.486,-0.594,-0.845,1.083,2.277,2.478,2.79,2.397,2.26,5.225,5.432
82,4.1,1.7307,1.7307,-0.0,-0.0,2.238,-0.0077,-0.766,5.304,n/a,-0.01,-0.021,0.003,-0.339,-0.795,-0.43,-0.616,-0.766,0.5,1.921,1.991,2.666,1.843,2.192,4.915,5.304
84,4.2,1.7894,1.7894,-0.0,-0.0,2.2976,-0.0078,-0.776,5.786,n/a,-0.01,-0.021,0.008,-0.339,-0.834,-0.543,-0.54,-0.776,0.664,1.969,2.402,2.803,2.145,2.004,5.463,5.786
86,4.3,1.8466,1.8466,-0.0,-0.0,2.3576,-0.0068,-0.677,6.673,n/a,-0.01,-0.021,0.018,-0.334,-0.779,-0.469,-0.525,-0.677,0.574,2.203,2.339,2.904,2.138,2.614,6.195,6.673
88,4.4,1.9051,1.9051,-0.0,-0.0,2.4152,-0.0067,-0.667,6.998,n/a,-0.008,-0.011,0.044,-0.298,-0.779,-0.475,-0.457,-0.667,0.949,2.219,2.69,3.004,2.903,3.193,6.931,6.998
90,4.5,1.9597,1.9597,-0.0,-0.0,2.4885,-0.0074,-0.736,9.116,n/a,-0.011,-0.026,-0.009,-0.318,-0.795,-0.43,-0.7,-0.736,0.871,2.632,2.816,3.966,3.84,4.752,8.531,9.116
92,4.6,2.0175,2.0175,-0.0,-0.0,2.5491,-0.006,-0.598,9.472,n/a,-0.008,-0.014,0.01,-0.265,-0.748,-0.373,-0.563,-0.598,1.11,2.569,3.349,4.411,4.81,5.248,9.27,9.472
94,4.7,2.0732,2.0732,-0.0,-0.0,2.6067,-0.0061,-0.608,9.678,n/a,-0.008,-0.015,0.005,-0.273,-0.732,-0.407,-0.502,-0.608,0.859,2.816,3.546,5.014,5.07,5.892,9.215,9.678
96,4.8,2.1317,2.1317,-0.0,-0.0,2.6726,-0.0047,-0.469,10.311,n/a,-0.008,-0.01,0.014,-0.24,-0.685,-0.385,-0.35,-0.469,1.446,3.353,4.535,5.673,6.366,6.672,10.089,10.311
98,4.9,2.1849,2.1849,-0.0,-0.0,2.7128,-0.0052,-0.519,8.856,n/a,-0.008,-0.007,0.015,-0.273,-0.692,-0.396,-0.32,-0.519,1.132,3.24,3.99,5.156,5.143,5.306,8.213,8.856
100,5.0,2.2398,2.2398,-0.0,-0.0,2.7807,-0.0055,-0.548,10.039,n/a,-0.009,-0.011,0.02,-0.258,-0.653,-0.362,-0.426,-0.548,1.708,3.667,4.702,5.611,5.674,5.826,9.298,10.039
102,5.1,2.2909,2.2909,-0.0,-0.0,2.829,-0.0046,-0.46,9.321,n/a,-0.008,-0.01,0.021,-0.268,-0.653,-0.334,-0.404,-0.46,1.314,3.445,3.961,4.93,4.587,5.04,8.474,9.321
104,5.2,2.3452,2.3452,-0.0,-0.0,2.8861,-0.0056,-0.558,9.088,n/a,-0.01,-0.016,0.007,-0.275,-0.685,-0.385,-0.495,-0.558,1.573,3.243,3.95,4.4,4.666,5.148,8.519,9.088
106,5.3,2.3973,2.3973,-0.0,-0.0,2.9531,-0.0053,-0.529,10.248,n/a,-0.008,-0.017,0.008,-0.268,-0.637,-0.356,-0.533,-0.529,1.255,3.25,3.675,4.915,5.168,6.018,9.189,10.248
108,5.4,2.4544,2.4544,-0.0,-0.0,3.0149,-0.0043,-0.43,10.494,n/a,-0.006,-0.014,0.019,-0.253,-0.543,-0.266,-0.495,-0.43,1.476,3.022,4.057,5.21,5.684,6.066,9.602,10.494
110,5.5,2.5099,2.5099,-0.0,-0.0,3.0695,-0.0047,-0.469,10.229,n/a,-0.006,-0.015,0.024,-0.258,-0.582,-0.283,-0.518,-0.469,1.009,3.064,3.892,5.016,5.052,5.861,9.059,10.229
112,5.6,2.5695,2.5695,-0.0,-0.0,3.1281,-0.0044,-0.44,9.975,n/a,-0.006,-0.02,0.022,-0.26,-0.59,-0.266,-0.495,-0.44,1.465,3.43,4.265,5.032,5.529,5.821,9.296,9.975
114,5.7,2.6242,2.6242,-0.0,-0.0,3.1875,-0.0033,-0.331,10.2,n/a,-0.006,-0.019,0.033,-0.245,-0.543,-0.272,-0.48,-0.331,1.407,3.451,3.939,5.155,5.312,5.855,8.895,10.2
116,5.8,2.6803,2.6803,-0.0,-0.0,3.2408,-0.0032,-0.321,9.571,n/a,-0.006,-0.022,0.026,-0.232,-0.559,-0.261,-0.426,-0.321,1.412,3.002,3.856,4.687,5.016,5.128,8.706,9.571
118,5.9,2.7358,2.7358,-0.0,-0.0,3.2832,-0.0042,-0.42,8.187,n/a,-0.007,-0.021,0.023,-0.273,-0.622,-0.311,-0.563,-0.42,0.865,2.761,3.186,3.885,3.607,3.968,6.98,8.187
120,6.0,2.7952,2.7952,-0.0,-0.0,3.338,-0.0038,-0.381,7.323,n/a,-0.007,-0.018,0.024,-0.255,-0.653,-0.351,-0.54,-0.381,1.279,2.776,3.407,3.708,3.778,3.885,7.047,7.323
122,6.1,2.8507,2.8507,-0.0,-0.0,3.3981,-0.0041,-0.41,8.404,n/a,-0.007,-0.014,0.037,-0.263,-0.653,-0.351,-0.487,-0.41,0.918,2.708,2.939,3.586,3.545,4.084,6.662,8.404
124,6.2,2.9099,2.9099,-0.0,-0.0,3.4714,-0.002,-0.204,9.542,n/a,-0.007,-0.014,0.04,-0.248,-0.606,-0.294,-0.487,-0.204,1.355,2.902,3.702,4.384,4.684,5.025,9.066,9.542
126,6.3,2.9672,2.9672,-0.0,-0.0,3.5398,-0.0016,-0.172,11.425,n/a,-0.007,-0.016,0.038,-0.235,-0.622,-0.294,-0.511,-0.172,1.08,3.185,3.835,5.012,4.725,6.673,9.507,11.425
128,6.4,3.0284,3.0284,-0.0,-0.0,3.5963,-0.0011,-0.143,11.377,n/a,-0.008,-0.012,0.038,-0.235,-0.574,-0.262,-0.496,-0.143,1.416,3.201,4.108,4.549,5.677,6.034,10.172,11.377
130,6.5,3.0855,3.0855,-0.0,-0.0,3.66,-0.0002,-0.081,12.127,n/a,-0.006,-0.007,0.036,-0.225,-0.544,-0.224,-0.417,-0.081,1.245,3.435,3.7,5.576,5.5,7.144,10.514,12.127
132,6.6,3.1451,3.1451,-0.0,-0.0,3.7093,-0.0006,-0.158,11.931,n/a,-0.005,-0.007,0.05,-0.218,-0.501,-0.222,-0.434,-0.158,1.462,2.85,4.397,4.856,5.837,6.828,10.109,11.931
134,6.7,3.2014,3.2014,0.0,0.0,3.7647,0.0003,-0.094,12.039,n/a,-0.003,0.0,0.042,-0.208,-0.521,-0.265,-0.428,-0.094,0.782,3.563,3.799,5.525,5.884,6.91,10.531,12.039
136,6.8,3.2648,3.2648,0.0,0.0,3.8243,-0.0007,-0.255,11.46,n/a,-0.005,-0.001,0.039,-0.223,-0.576,-0.331,-0.509,-0.255,2.124,3.601,4.961,6.116,6.367,7.984,11.279,11.46
138,6.9,3.3141,3.3141,-0.0,0.0,3.8755,-0.0002,-0.256,11.497,n/a,-0.007,-0.01,0.016,-0.263,-0.652,-0.349,-0.554,-0.256,0.863,3.658,4.262,5.573,6.411,7.7,9.991,11.497
140,7.0,3.376,3.376,0.0,0.041,3.9523,-0.0013,-0.48,13.245,n/a,-0.01,-0.035,-0.001,-0.292,-0.619,-0.445,-0.57,-0.48,2.318,4.495,5.364,7.172,7.893,8.482,12.176,13.245
142,7.1,3.4256,3.4256,0.0001,0.136,4.0029,-0.0003,-0.52,12.554,n/a,-0.011,-0.033,0.02,-0.28,-0.61,-0.438,-0.638,-0.52,1.582,3.849,5.272,6.704,6.365,8.363,11.365,12.554
144,7.2,3.4826,3.4826,0.0003,0.231,4.0645,0.0008,-0.577,12.092,n/a,-0.011,-0.027,0.024,-0.256,-0.617,-0.448,-0.672,-0.577,1.737,4.538,5.839,6.198,7.168,8.485,11.736,12.092
146,7.3,3.5388,3.5388,0.0006,0.326,4.1207,0.0017,-0.647,12.586,n/a,-0.007,-0.018,0.015,-0.264,-0.66,-0.503,-0.816,-0.647,2.172,4.754,4.909,6.786,6.791,8.145,10.807,12.586
148,7.4,3.59,3.59,0.0009,0.421,4.1692,0.0033,-0.734,11.389,n/a,-0.007,-0.026,0.005,-0.323,-0.743,-0.661,-0.889,-0.734,1.825,3.206,4.772,5.829,5.872,6.426,10.478,11.389
150,7.5,3.6443,3.6443,0.0013,0.516,4.2234,0.0038,-0.944,11.073,n/a,-0.014,-0.04,-0.052,-0.417,-0.852,-0.705,-0.96,-0.944,0.717,3.48,4.319,5.512,5.029,6.73,9.78,11.073
152,7.6,3.7097,3.7097,0.0019,0.693,4.3043,0.0067,-0.95,13.031,n/a,-0.015,-0.062,-0.078,-0.447,-0.864,-0.775,-1.004,-0.95,2.366,4.54,5.597,6.133,7.051,8.374,12.069,13.031
154,7.7,3.7605,3.7605,0.0027,0.928,4.3485,0.0103,-0.885,11.707,n/a,-0.02,-0.073,-0.095,-0.44,-0.791,-0.741,-0.893,-0.885,1.431,3.687,3.844,5.844,5.966,7.209,10.357,11.707
156,7.8,3.8199,3.8199,0.0038,1.164,4.4158,0.0124,-0.982,12.261,n/a,-0.02,-0.071,-0.057,-0.382,-0.771,-0.714,-0.911,-0.982,1.777,3.204,5.185,6.319,6.936,8.011,11.451,12.261
158,7.9,3.8773,3.8773,0.0051,1.399,4.4704,0.0148,-1.046,11.403,n/a,-0.017,-0.038,-0.014,-0.329,-0.774,-0.673,-0.945,-1.046,0.839,3.849,4.74,6.075,6.191,7.792,10.484,11.403
160,8.0,3.9437,3.9436,0.0068,1.52,4.5362,0.017,-1.143,12.407,n/a,-0.007,-0.017,0.003,-0.337,-0.802,-0.708,-0.973,-1.143,2.333,4.399,5.626,6.528,7.012,8.036,10.754,12.407
162,8.1,3.9949,3.9948,0.0082,1.641,4.5804,0.0191,-1.318,10.769,n/a,-0.009,-0.044,-0.064,-0.446,-1.006,-0.894,-1.097,-1.318,1.356,3.642,4.438,5.612,5.784,6.413,9.555,10.769
164,8.2,4.0553,4.0552,0.0099,1.762,4.6422,0.0223,-1.335,10.801,n/a,-0.02,-0.09,-0.135,-0.551,-1.098,-0.994,-1.228,-1.335,1.661,3.543,4.732,5.434,5.447,6.876,9.7,10.801
166,8.3,4.1128,4.1126,0.0118,2.049,4.707,0.028,-1.138,11.682,n/a,-0.029,-0.106,-0.162,-0.536,-1.001,-0.896,-1.205,-1.138,1.315,3.65,4.504,5.221,5.909,6.983,9.828,11.682
168,8.4,4.1741,4.1739,0.0143,2.335,4.7598,0.0328,-0.876,11.374,n/a,-0.026,-0.074,-0.099,-0.412,-0.91,-0.685,-0.902,-0.876,1.637,3.444,4.037,5.283,5.494,6.389,9.728,11.374
170,8.5,4.2316,4.2313,0.0168,2.622,4.8093,0.0371,-0.705,11.448,n/a,-0.017,-0.036,-0.036,-0.306,-0.78,-0.536,-0.679,-0.705,1.116,2.71,4.078,4.727,4.552,6.032,9.553,11.448
172,8.6,4.2933,4.293,0.0197,2.735,4.8672,0.0391,-0.805,11.269,n/a,-0.009,-0.017,0.003,-0.296,-0.708,-0.481,-0.715,-0.805,0.93,3.241,4.024,4.507,4.759,6.185,10.679,11.269
174,8.7,4.3565,4.3562,0.0227,2.735,4.9257,0.042,-0.786,11.369,n/a,-0.01,-0.014,-0.0,-0.283,-0.7,-0.469,-0.67,-0.786,1.619,3.3,4.011,5.026,5.307,7.339,10.525,11.369
176,8.8,4.4123,4.4119,0.0254,2.735,4.9759,0.0438,-0.855,9.892,n/a,-0.011,-0.019,-0.016,-0.313,-0.748,-0.509,-0.784,-0.855,1.041,2.605,3.912,4.771,5.526,6.513,9.939,9.892
178,8.9,4.473,4.4725,0.0283,2.735,5.0411,0.0471,-0.835,11.152,n/a,-0.01,-0.024,-0.003,-0.301,-0.716,-0.492,-0.776,-0.835,1.023,3.247,4.472,6.291,5.849,7.32,10.083,11.152
180,9.0,4.5345,4.5339,0.0312,2.735,5.0979,0.0504,-0.776,10.486,n/a,-0.011,-0.016,-0.0,-0.296,-0.7,-0.452,-0.784,-0.776,1.503,3.668,5.577,6.172,5.887,6.619,10.469,10.486
182,9.1,4.5906,4.5899,0.0339,2.735,5.1436,0.0528,-0.756,9.375,n/a,-0.01,-0.026,-0.019,-0.308,-0.7,-0.43,-0.799,-0.756,1.369,4.132,4.767,5.492,4.218,6.173,8.652,9.375
184,9.2,4.6465,4.6458,0.0365,2.735,5.1809,0.0534,-0.865,7.284,n/a,-0.011,-0.028,-0.015,-0.344,-0.748,-0.424,-0.829,-0.865,1.887,3.298,4.095,3.909,3.702,4.134,7.067,7.284
186,9.3,4.6953,4.6946,0.0389,2.735,5.2372,0.0557,-0.904,7.369,n/a,-0.011,-0.028,-0.017,-0.349,-0.763,-0.447,-0.974,-0.904,0.906,2.575,2.845,3.861,2.834,3.822,6.874,7.369
188,9.4,4.7551,4.7543,0.0417,2.735,5.3137,0.0595,-0.894,8.8,n/a,-0.009,-0.026,-0.009,-0.339,-0.748,-0.407,-0.86,-0.894,1.305,2.493,4.121,4.266,4.2,5.265,8.879,8.8
190,9.5,4.8127,4.8118,0.0445,2.735,5.2702,0.0626,-0.381,-1.185,approach,-0.01,-0.007,0.017,-0.286,-0.598,-0.119,-0.442,-0.381,-0.948,0.052,-0.477,-0.814,-2.338,-3.212,-0.267,-1.185
192,9.6,4.8777,4.8767,0.0476,2.735,5.3351,0.0652,-0.43,-1.28,approach,-0.009,-0.005,0.022,-0.263,-0.614,-0.142,-0.442,-0.43,0.317,0.249,0.438,0.011,-1.384,-2.801,0.654,-1.28
194,9.7,4.9304,4.9293,0.0501,2.735,5.3953,0.0673,-0.499,-0.541,approach,-0.01,-0.007,0.035,-0.278,-0.653,-0.114,-0.495,-0.499,-0.724,-0.024,0.036,-0.117,-1.983,-2.762,-0.255,-0.541
196,9.8,4.9939,4.9928,0.0531,2.735,5.4662,0.0694,-0.637,-0.082,approach,-0.011,-0.01,0.033,-0.283,-0.661,-0.119,-0.464,-0.637,0.036,0.732,1.208,0.489,-0.812,-2.292,1.561,-0.082
198,9.9,5.0508,5.0496,0.0558,2.735,5.5268,0.0726,-0.598,-0.369,approach,-0.014,-0.006,0.04,-0.255,-0.669,-0.125,-0.457,-0.598,-0.064,0.956,0.599,0.668,-1.592,-1.735,0.945,-0.369
200,10.0,5.109,5.1077,0.0586,2.735,5.5858,0.0758,-0.568,-1.107,approach,-0.012,-0.009,0.035,-0.281,-0.645,-0.131,-0.457,-0.568,0.236,0.52,0.831,-0.057,-0.932,-2.413,0.493,-1.107
202,10.1,5.1644,5.1631,0.0613,2.735,5.6394,0.0779,-0.608,-2.107,approach,-0.012,-0.009,0.037,-0.278,-0.653,-0.153,-0.442,-0.608,-0.525,0.405,-0.218,0.257,-2.026,-3.222,-0.861,-2.107
204,10.2,5.2267,5.2253,0.0642,2.735,5.7239,0.0833,-0.469,-0.262,approach,-0.011,-0.006,0.041,-0.275,-0.669,-0.103,-0.48,-0.469,0.378,0.589,1.464,0.866,-0.892,-2.361,0.745,-0.262
206,10.3,5.2833,5.2819,0.0669,2.735,5.7795,0.0862,-0.45,-0.876,approach,-0.012,-0.009,0.043,-0.281,-0.63,-0.114,-0.495,-0.45,-0.568,0.945,0.594,0.221,-1.823,-2.917,-0.219,-0.876
208,10.4,5.3492,5.3477,0.0701,2.735,5.8538,0.0895,-0.479,-0.037,approach,-0.012,-0.005,0.046,-0.26,-0.685,-0.182,-0.502,-0.479,0.875,1.149,1.163,0.551,-1.048,-2.307,1.019,-0.037
210,10.5,5.402,5.4004,0.0726,2.735,5.9093,0.0916,-0.529,-1.545,approach,-0.011,-0.01,0.033,-0.243,-0.669,-0.148,-0.548,-0.529,-0.498,0.074,-0.173,-0.334,-2.334,-2.924,-0.131,-1.545
212,10.6,5.4684,5.4668,0.0758,2.735,5.9794,0.0942,-0.608,-1.617,approach,-0.015,-0.015,0.027,-0.263,-0.763,-0.289,-0.616,-0.608,-0.213,0.161,0.254,-0.174,-1.636,-2.666,-0.312,-1.617
214,10.7,5.5319,5.5302,0.0788,2.735,6.0503,0.0964,-0.726,-0.517,approach,-0.014,-0.022,0.013,-0.275,-0.779,-0.266,-0.616,-0.726,-0.446,0.282,0.13,0.291,-1.456,-2.952,-0.628,-0.517
216,10.8,5.5984,5.5966,0.082,2.735,6.1168,0.0997,-0.707,-1.471,approach,-0.013,-0.022,0.025,-0.286,-0.74,-0.261,-0.639,-0.707,-0.101,0.358,0.637,0.348,-1.813,-3.313,0.022,-1.471
218,10.9,5.662,5.6601,0.085,2.735,6.1812,0.1035,-0.637,-1.069,approach,-0.012,-0.016,0.039,-0.273,-0.716,-0.215,-0.647,-0.637,-0.33,0.61,0.51,-0.362,-2.419,-2.671,-0.977,-1.069
220,11.0,5.7282,5.7263,0.0882,2.735,6.2436,0.1074,-0.548,-1.966,approach,-0.012,-0.01,0.052,-0.235,-0.724,-0.187,-0.586,-0.548,0.064,0.615,-0.079,-1.064,-2.214,-4.007,-0.732,-1.966
222,11.1,5.79,5.788,0.0911,2.735,6.3193,0.1097,-0.677,-1.296,approach,-0.014,-0.019,0.028,-0.291,-0.755,-0.328,-0.632,-0.677,-0.132,0.077,-0.434,-0.156,-2.619,-2.523,-0.462,-1.296
224,11.2,5.856,5.8539,0.0943,2.735,6.3954,0.1144,-0.568,-1.167,approach,-0.013,-0.014,0.037,-0.281,-0.748,-0.345,-0.632,-0.568,-0.464,-0.238,0.452,-0.584,-1.175,-2.365,0.213,-1.167
226,11.3,5.9266,5.9245,0.0976,2.735,6.4594,0.1184,-0.479,-1.787,approach,-0.013,-0.019,0.026,-0.275,-0.724,-0.328,-0.578,-0.479,-0.545,0.679,-0.304,-0.003,-1.676,-2.778,-0.872,-1.787
228,11.4,5.9975,5.9952,0.101,2.735,6.532,0.1231,-0.351,-1.86,approach,-0.013,-0.011,0.04,-0.248,-0.692,-0.221,-0.525,-0.351,0.59,0.183,0.84,0.029,-1.383,-2.901,-0.409,-1.86
230,11.5,6.0575,6.0552,0.1039,2.735,6.5965,0.1265,-0.321,-2.175,approach,-0.011,-0.011,0.023,-0.197,-0.645,-0.21,-0.533,-0.321,-0.988,0.209,-0.126,-0.638,-2.695,-3.721,-1.669,-2.175
232,11.6,6.1335,6.1311,0.1075,2.735,6.6706,0.1296,-0.371,-1.798,approach,-0.011,-0.013,0.026,-0.205,-0.653,-0.198,-0.48,-0.371,0.503,0.615,0.459,-0.768,-2.303,-3.531,-1.012,-1.798
234,11.7,6.194,6.1915,0.1104,2.735,6.7199,0.1304,-0.519,-3.635,approach,-0.011,-0.01,0.027,-0.222,-0.606,-0.159,-0.449,-0.519,-0.725,-0.545,-1.422,-2.189,-4.197,-5.119,-2.582,-3.635
236,11.8,6.2655,6.2629,0.1138,2.735,6.7912,0.1361,-0.292,-3.942,approach,-0.012,-0.011,0.025,-0.227,-0.614,-0.159,-0.404,-0.292,-0.474,-0.937,-1.271,-2.287,-3.651,-5.011,-2.365,-3.942
238,11.9,6.3346,6.3319,0.1171,2.735,6.8798,0.1405,-0.282,-1.95,approach,-0.011,-0.005,0.039,-0.192,-0.614,-0.193,-0.358,-0.282,-0.798,-0.513,-1.119,-1.237,-2.703,-3.371,-1.093,-1.95
240,12.0,6.4095,6.4068,0.1207,2.735,6.9341,0.1432,-0.262,-3.674,approach,-0.01,-0.003,0.042,-0.217,-0.59,-0.035,-0.328,-0.262,-0.649,-0.963,-1.141,-1.757,-3.296,-5.258,-2.38,-3.674
242,12.1,6.4798,6.477,0.124,2.735,7.0118,0.1479,-0.163,-2.357,approach,-0.007,0.005,0.07,-0.177,-0.515,-0.001,-0.183,-0.163,-0.843,-0.437,-0.929,-1.053,-3.179,-4.391,-1.847,-2.357
244,12.2,6.5533,6.5504,0.1275,2.735,7.1169,0.1527,-0.193,1.396,approach,-0.008,-0.0,0.063,-0.167,-0.515,0.013,-0.183,-0.193,0.143,0.674,0.782,0.436,-0.855,-1.788,1.758,1.396
246,12.3,6.6211,6.6181,0.1308,2.735,7.1827,0.1556,-0.213,1.253,approach,-0.009,0.0,0.058,-0.187,-0.496,0.016,-0.198,-0.213,-0.168,0.703,0.108,0.291,-1.295,-1.541,1.529,1.253
248,12.4,6.6915,6.6884,0.1341,2.735,7.2662,0.1587,-0.302,3.358,approach,-0.01,0.007,0.063,-0.189,-0.5,-0.018,-0.191,-0.302,0.236,0.599,0.728,0.826,-0.178,-0.337,2.905,3.358
250,12.5,6.7591,6.756,0.1374,2.735,7.3356,0.161,-0.4,4.013,approach,-0.011,-0.006,0.055,-0.197,-0.606,-0.17,-0.176,-0.4,-0.422,0.5,0.643,1.128,0.005,-0.096,3.677,4.013
252,12.6,6.8337,6.8305,0.1409,2.735,7.4101,0.1654,-0.321,4.481,approach,-0.009,0.004,0.05,-0.22,-0.535,-0.069,-0.191,-0.321,0.188,0.707,1.47,1.796,0.722,1.046,4.835,4.481
254,12.7,6.9025,6.8992,0.1442,2.735,7.4741,0.1684,-0.321,4.134,approach,-0.01,-0.002,0.037,-0.238,-0.543,-0.136,-0.221,-0.321,-0.134,1.021,1.53,1.839,1.118,1.342,4.478,4.134
256,12.8,6.9741,6.9707,0.1476,2.735,7.5475,0.1721,-0.311,4.409,approach,-0.009,0.002,0.059,-0.202,-0.476,-0.131,-0.198,-0.311,0.576,1.482,2.081,2.855,2.161,1.658,4.962,4.409
258,12.9,7.0387,7.0353,0.1507,2.735,7.6376,0.179,-0.045,6.921,approach,-0.005,0.007,0.068,-0.108,-0.409,-0.018,-0.1,-0.045,0.611,1.929,3.216,4.331,3.436,3.499,6.583,6.921
260,13.0,7.1063,7.1028,0.1539,2.735,7.7024,0.1812,-0.134,6.449,approach,-0.006,-0.001,0.06,-0.167,-0.338,-0.074,-0.069,-0.134,0.539,2.3,3.426,3.864,3.08,2.833,6.415,6.449
262,13.1,7.1737,7.1701,0.1571,2.735,7.7594,0.184,-0.134,5.458,approach,-0.007,-0.009,0.038,-0.162,-0.401,-0.08,-0.138,-0.134,0.888,2.517,2.793,3.237,2.206,2.199,5.166,5.458
264,13.2,7.2361,7.2325,0.1601,2.735,7.8543,0.1909,0.108,7.244,approach,-0.006,-0.012,0.045,-0.164,-0.338,-0.119,-0.054,0.108,1.218,2.532,3.409,3.813,4.028,3.872,7.637,7.244
266,13.3,7.2991,7.2954,0.1631,2.735,7.8958,0.1921,0.029,4.764,approach,-0.008,-0.015,0.039,-0.177,-0.303,-0.046,-0.13,0.029,0.258,1.522,1.866,2.768,2.082,1.935,4.684,4.764
268,13.4,7.369,7.3652,0.1665,2.735,7.9595,0.1945,-0.035,4.607,approach,-0.007,-0.016,0.037,-0.157,-0.307,-0.04,-0.122,-0.035,0.397,1.325,2.025,2.388,1.857,0.559,4.256,4.607
270,13.5,7.4366,7.4327,0.1697,2.735,8.0321,0.199,0.069,5.259,approach,-0.008,-0.007,0.035,-0.146,-0.315,-0.024,-0.13,0.069,0.179,1.628,1.939,2.541,1.193,0.901,4.849,5.259
272,13.6,7.5073,7.5033,0.1731,2.735,8.0716,0.1994,-0.084,2.044,approach,-0.01,-0.013,0.041,-0.197,-0.287,-0.035,-0.191,-0.084,0.278,0.888,1.158,0.339,-0.463,-0.985,2.617,2.044
274,13.7,7.5725,7.5684,0.1762,2.735,8.118,0.2022,-0.025,-0.467,approach,-0.011,-0.016,0.035,-0.235,-0.327,-0.012,-0.138,-0.025,-0.339,0.453,-0.522,-0.308,-1.382,-2.156,0.57,-0.467
276,13.8,7.642,7.6379,0.1795,2.735,8.2109,0.2039,-0.292,1.791,approach,-0.01,-0.016,0.028,-0.217,-0.374,0.053,-0.221,-0.292,0.157,0.208,0.642,0.982,0.271,-0.724,2.097,1.791
278,13.9,7.709,7.7048,0.1827,2.735,8.2462,0.2055,-0.302,-0.821,approach,-0.013,-0.023,0.019,-0.25,-0.39,-0.029,-0.274,-0.302,-1.248,-0.591,-0.362,-0.438,-2.224,-3.747,-0.873,-0.821
280,14.0,7.7863,7.782,0.1864,2.735,8.381,0.2144,-0.055,5.164,approach,-0.009,-0.017,0.033,-0.192,-0.323,0.005,-0.107,-0.055,0.621,2.162,2.713,2.912,2.052,1.574,5.704,5.164
282,14.1,7.8526,7.8482,0.1895,2.735,8.4286,0.2166,-0.064,3.011,approach,-0.01,-0.02,0.039,-0.22,-0.315,-0.007,-0.084,-0.064,0.457,1.662,1.562,1.386,0.454,0.567,3.036,3.011
284,14.2,7.9179,7.9135,0.1927,2.735,8.4929,0.2205,0.02,2.266,approach,-0.011,-0.023,0.024,-0.212,-0.334,0.024,-0.153,0.02,0.33,1.002,0.883,0.845,0.73,-0.276,2.615,2.266
286,14.3,7.9841,7.9796,0.1958,2.735,8.5903,0.2253,0.029,5.47,approach,-0.008,-0.014,0.037,-0.169,-0.303,0.061,-0.092,0.029,0.297,1.381,1.697,2.9,1.984,1.848,4.812,5.47
288,14.4,8.0557,8.0512,0.1992,2.735,8.6367,0.227,-0.025,3.265,approach,-0.009,-0.009,0.034,-0.21,-0.311,0.05,-0.115,-0.025,-0.064,0.703,1.784,1.349,0.55,-0.317,3.407,3.265
290,14.5,8.1274,8.1227,0.2027,2.735,8.7454,0.235,0.257,7.619,approach,-0.009,-0.014,0.027,-0.205,-0.323,0.038,-0.16,0.257,0.543,2.687,2.647,3.219,2.83,3.116,6.903,7.619
292,14.6,8.1977,8.1929,0.206,2.735,8.8044,0.2379,0.271,5.699,approach,-0.009,-0.025,0.032,-0.21,-0.354,0.013,-0.176,0.271,1.29,1.926,2.432,2.574,2.628,2.409,6.69,5.699
294,14.7,8.2591,8.2543,0.2089,2.735,8.8915,0.2404,0.099,8.28,approach,-0.007,-0.024,0.011,-0.238,-0.334,-0.035,-0.259,0.099,0.223,1.849,2.379,3.314,3.632,3.862,6.983,8.28
296,14.8,8.3343,8.3294,0.2125,2.735,8.9545,0.2439,0.148,6.625,approach,-0.003,-0.019,0.032,-0.217,-0.307,0.01,-0.16,0.148,0.676,1.871,2.876,3.555,3.866,2.522,7.471,6.625
298,14.9,8.4035,8.3985,0.2158,2.735,9.036,0.2497,0.341,8.727,approach,-0.003,-0.014,0.03,-0.172,-0.299,-0.007,-0.1,0.341,0.563,2.625,3.449,4.44,3.761,4.309,7.331,8.727
300,15.0,8.4754,8.4703,0.2193,2.735,9.0763,0.2498,0.158,4.942,approach,-0.008,-0.014,0.048,-0.174,-0.299,0.058,-0.084,0.158,0.774,2.054,2.811,2.296,2.516,0.863,5.474,4.942
302,15.1,8.5408,8.5357,0.2224,2.735,9.1448,0.2534,0.192,5.576,approach,-0.007,-0.023,0.038,-0.2,-0.279,-0.007,-0.077,0.192,0.553,2.255,1.905,3.099,1.572,1.758,4.42,5.576
304,15.2,8.6093,8.604,0.2257,2.735,9.252,0.2606,0.395,8.169,approach,-0.004,-0.012,0.055,-0.182,-0.291,-0.046,-0.001,0.395,1.347,2.231,4.114,3.58,4.982,3.9,8.459,8.169
306,15.3,8.6747,8.6694,0.2288,2.735,9.2585,0.2592,0.227,2.159,approach,-0.01,-0.03,0.029,-0.23,-0.295,0.024,-0.084,0.227,-0.72,1.149,0.432,1.573,-0.236,-0.387,1.647,2.159
308,15.4,8.753,8.7476,0.2325,2.735,9.3394,0.2646,0.385,3.825,approach,-0.01,-0.025,0.038,-0.225,-0.315,0.027,-0.077,0.385,1.028,1.138,2.171,1.723,1.72,-0.35,3.119,3.825
310,15.5,8.8143,8.8088,0.2354,2.735,9.4146,0.2691,0.474,4.583,approach,-0.009,-0.021,0.058,-0.205,-0.291,-0.007,-0.001,0.474,-0.637,1.54,1.062,2.222,0.807,0.339,4.082,4.583
312,15.6,8.8939,8.8884,0.2392,2.735,9.5106,0.2704,0.143,5.989,approach,-0.009,-0.023,0.024,-0.26,-0.35,-0.074,-0.145,0.143,1.486,2.139,3.506,2.765,3.233,3.214,6.723,5.989
314,15.7,8.9546,8.949,0.2421,2.735,9.5964,0.2758,0.271,7.147,approach,-0.006,-0.005,0.031,-0.243,-0.346,-0.052,-0.115,0.271,0.021,2.482,2.325,3.234,4.331,4.263,6.628,7.147
316,15.8,9.0327,9.027,0.2459,2.735,9.6768,0.2812,0.43,6.716,approach,-0.004,-0.002,0.048,-0.207,-0.327,-0.04,0.015,0.43,1.721,2.256,3.753,4.713,5.754,3.98,7.366,6.716
318,15.9,9.095,9.0892,0.2488,2.735,9.7151,0.2821,0.336,2.863,approach,0.001,0.005,0.109,-0.177,-0.295,0.03,0.167,0.336,-0.596,1.142,2.356,2.82,1.997,0.784,2.591,2.863
320,16.0,9.1765,9.1706,0.2527,2.735,9.8013,0.2938,1.09,3.901,approach,0.007,0.026,0.183,-0.038,-0.118,0.242,0.577,1.09,0.957,2.941,3.846,3.068,2.951,0.657,3.346,3.901
322,16.1,9.243,9.237,0.2559,2.735,9.846,0.3006,1.558,1.09,approach,0.012,0.047,0.249,0.103,0.148,0.57,0.925,1.558,0.949,2.416,1.644,1.82,-0.03,-1.446,1.337,1.09
324,16.2,9.3074,9.3014,0.259,2.735,9.8711,0.2952,0.904,-4.919,approach,0.001,0.027,0.204,0.013,-0.047,0.462,0.687,0.904,0.181,-0.329,-0.7,-2.118,-3.788,-5.975,-2.876,-4.919
326,16.3,9.3751,9.369,0.2622,2.735,9.9405,0.3011,1.159,-5.162,approach,0.001,0.026,0.203,0.018,-0.004,0.441,0.718,1.159,-1.359,-1.145,-2.676,-3.373,-4.823,-6.874,-4.676,-5.162
328,16.4,9.4571,9.4509,0.2661,2.735,10.0588,0.3242,2.899,-1.131,approach,0.027,0.142,0.402,0.491,0.705,1.426,2.029,2.899,-0.049,-0.359,-0.377,-0.646,-1.186,-3.535,-0.172,-1.131
330,16.5,9.5314,9.5251,0.2697,2.735,10.074,0.312,1.608,-7.038,approach,0.004,0.039,0.215,0.085,0.098,0.565,0.943,1.608,-1.926,-2.238,-3.234,-3.555,-6.552,-8.284,-6.289,-7.038
332,16.6,9.6163,9.6099,0.2737,2.735,10.1642,0.3197,1.951,-6.024,approach,0.005,0.053,0.243,0.123,0.167,0.677,1.151,1.951,-0.966,-1.087,-1.655,-3.211,-4.841,-6.976,-4.425,-6.024
334,16.7,9.6932,9.6867,0.2774,2.735,10.2531,0.323,1.852,-4.684,approach,0.004,0.061,0.239,0.099,0.148,0.833,1.284,1.852,-0.804,-0.615,-2.164,-2.338,-4.273,-6.021,-4.281,-4.684
336,16.8,9.7694,9.7629,0.281,2.735,10.3235,0.3314,2.361,-5.749,approach,0.006,0.077,0.283,0.217,0.32,1.178,1.588,2.361,-0.594,-1.613,-1.885,-2.851,-4.257,-6.361,-4.379,-5.749
338,16.9,9.8425,9.8359,0.2845,2.735,10.4152,0.3344,2.223,-3.936,approach,0.005,0.057,0.257,0.15,0.291,1.013,1.406,2.223,-1.498,-1.002,-1.791,-1.816,-4.081,-5.609,-3.338,-3.936
340,17.0,9.9274,9.9207,0.2886,2.735,10.4749,0.3357,2.065,-5.417,approach,0.002,0.043,0.222,0.169,0.132,0.771,1.421,2.065,-0.494,-0.934,-1.46,-2.312,-4.591,-6.962,-4.406,-5.417
342,17.1,9.9994,9.9926,0.292,2.735,10.5392,0.3411,2.297,-6.51,approach,0.005,0.061,0.255,0.201,0.283,0.948,1.603,2.297,-1.266,-1.278,-2.626,-2.961,-5.642,-7.413,-5.233,-6.51
344,17.2,10.0783,10.0714,0.2958,2.735,10.6373,0.3531,3.025,-5.171,approach,0.013,0.093,0.335,0.397,0.468,1.161,2.166,3.025,-0.4,-0.872,-1.466,-2.033,-3.974,-4.901,-3.15,-5.171
346,17.3,10.152,10.145,0.2993,2.735,10.697,0.3549,2.89,-5.79,approach,0.012,0.097,0.346,0.397,0.503,1.263,2.132,2.89,-1.356,-1.533,-2.94,-2.805,-5.071,-6.43,-5.287,-5.79
348,17.4,10.2324,10.2253,0.3031,2.735,10.7847,0.3592,2.79,-4.819,approach,0.014,0.107,0.315,0.38,0.459,1.311,2.106,2.79,-0.762,-1.328,-2.086,-2.071,-4.042,-6.411,-3.591,-4.819
350,17.5,10.308,10.3008,0.3067,2.735,10.8572,0.3663,2.924,-4.926,approach,0.023,0.139,0.397,0.482,0.684,1.583,2.293,2.924,-1.386,-1.261,-2.013,-2.35,-5.42,-6.011,-4.341,-4.926
352,17.6,10.3893,10.382,0.3106,2.735,10.9073,0.3581,1.455,-7.641,approach,0.01,0.083,0.264,0.211,0.205,0.946,1.244,1.455,-0.955,-1.3,-2.415,-4.045,-5.735,-7.758,-6.155,-7.641
354,17.7,10.4629,10.4556,0.3141,2.735,11.0056,0.3703,1.646,-4.893,approach,0.023,0.129,0.394,0.442,0.55,1.107,1.475,1.646,-0.845,-0.908,-2.798,-2.298,-4.443,-6.068,-4.315,-4.893
356,17.8,10.5374,10.53,0.3177,2.735,11.0864,0.3776,1.17,-4.424,approach,0.028,0.149,0.389,0.372,0.379,0.921,1.074,1.17,-0.737,-1.727,-1.463,-2.08,-4.2,-5.937,-3.426,-4.424
358,17.9,10.6129,10.6054,0.3213,2.735,11.1616,0.3846,0.508,-3.856,approach,0.034,0.129,0.322,0.274,0.16,0.558,0.663,0.508,-1.759,-0.906,-1.912,-2.112,-4.087,-5.884,-3.513,-3.856
360,18.0,10.698,10.6904,0.3254,2.819,11.2375,0.3837,-1.224,-3.295,approach,0.006,0.008,0.034,-0.308,-0.64,-0.466,-0.873,-1.224,0.028,-0.613,-1.183,-1.853,-3.669,-6.072,-2.805,-3.295
362,18.1,10.7639,10.7562,0.3288,3.162,11.3313,0.4011,-1.41,-0.268,turn,-0.009,-0.032,-0.08,-0.386,-0.753,-0.624,-1.132,-1.41,-0.766,-0.552,-1.213,-1.1,-2.629,-3.632,-0.782,-0.268
364,18.2,10.842,10.8342,0.3336,3.983,11.4169,0.4165,-2.195,1.511,turn,-0.026,-0.107,-0.158,-0.656,-1.045,-1.133,-1.703,-2.195,-0.225,-0.011,-0.097,-0.366,-1.178,-1.971,1.025,1.511
366,18.3,10.9159,10.9078,0.3394,5.124,11.4801,0.4522,-1.111,1.509,turn,-0.024,-0.032,-0.046,-0.434,-0.707,-0.506,-1.099,-1.111,-0.592,-0.042,-0.325,-0.329,-1.31,-2.041,1.53,1.509
368,18.4,10.9927,10.9843,0.3472,6.51,11.5544,0.476,-1.865,2.079,turn,-0.015,-0.035,-0.024,-0.52,-0.643,-0.709,-1.047,-1.865,0.042,0.066,0.225,0.362,1.021,-0.927,2.318,2.079
370,18.5,11.0643,11.0553,0.3562,7.969,11.6899,0.5154,-2.208,9.48,turn,-0.038,-0.087,-0.164,-0.569,-0.9,-0.999,-1.622,-2.208,0.453,1.798,2.62,4.149,5.077,4.891,7.831,9.48
372,18.6,11.1411,11.1311,0.3681,9.858,11.7219,0.545,-3.058,5.555,turn,-0.033,-0.107,-0.157,-0.65,-1.06,-1.304,-1.894,-3.058,0.635,1.399,2.277,3.195,3.608,2.451,5.722,5.555
374,18.7,11.2116,11.2004,0.3814,11.935,11.7895,0.5933,-2.382,7.181,turn,-0.041,-0.068,-0.136,-0.554,-1.133,-1.215,-2.058,-2.382,0.487,1.965,2.399,3.383,3.679,3.343,4.887,7.181
376,18.8,11.2829,11.2698,0.3976,14.388,11.871,0.658,-1.406,9.747,turn,-0.012,-0.032,-0.067,-0.478,-0.896,-1.115,-1.177,-1.406,1.466,2.912,3.936,4.673,6.031,4.904,8.347,9.747
378,18.9,11.3487,11.3332,0.4153,16.846,11.9433,0.7034,-2.477,11.539,turn,-0.039,-0.09,-0.276,-0.736,-1.501,-1.532,-2.126,-2.477,1.246,3.171,3.825,5.302,5.623,7.051,9.548,11.539
380,19.0,11.4194,11.4003,0.4374,19.619,12.0053,0.7811,-0.964,13.107,turn,-0.007,-0.047,-0.072,-0.53,-0.707,-0.804,-0.967,-0.964,1.779,3.418,5.116,5.33,7.647,7.706,11.338,13.107
382,19.1,11.4877,11.4641,0.4619,22.525,12.1541,0.9009,0.674,25.029,turn,0.001,0.035,-0.029,0.173,0.007,0.039,0.519,0.674,2.896,6.57,8.993,12.478,14.961,17.034,21.241,25.029
384,19.2,11.5617,11.5316,0.4922,25.776,12.2504,1.0225,2.749,32.105,turn,0.073,0.077,0.463,0.887,1.333,1.597,2.989,2.749,4.7,8.493,13.635,17.537,20.995,24.2,30.061,32.105
386,19.3,11.6309,11.593,0.524,29.027,12.2392,1.0649,2.03,26.916,turn,-0.007,0.119,0.389,0.547,0.845,0.906,1.84,2.03,2.853,7.65,11.145,15.036,17.252,20.027,24.47,26.916
388,19.4,11.7114,11.662,0.5654,32.372,12.271,1.1468,2.444,26.47,turn,0.106,0.253,0.632,0.81,1.139,1.416,2.286,2.444,4.572,8.173,11.992,15.174,18.443,19.739,24.581,26.47
390,19.5,11.775,11.7148,0.6009,35.743,12.2914,1.2162,2.101,26.459,turn,0.034,0.17,0.38,0.604,0.668,1.013,1.279,2.101,3.222,7.49,10.333,13.924,17.171,19.184,22.452,26.459
392,19.6,11.8494,11.7739,0.6463,39.329,12.2794,1.2656,1.196,21.137,turn,0.036,0.103,0.267,0.377,0.452,0.28,1.275,1.196,3.031,6.286,9.314,11.463,14.885,15.11,19.308,21.137
394,19.7,11.9194,11.8267,0.6922,42.724,12.2584,1.2896,0.057,15.25,turn,-0.026,-0.025,-0.097,-0.176,-0.524,-0.516,-0.52,0.057,1.718,4.461,6.326,8.374,9.712,10.741,13.997,15.25
396,19.8,11.994,11.8798,0.7445,46.311,12.2727,1.3568,-1.159,13.511,turn,-0.002,-0.042,-0.093,-0.438,-0.289,-0.951,-0.581,-1.159,2.108,3.888,6.529,7.164,9.834,8.575,13.186,13.511
398,19.9,12.0645,11.927,0.7969,49.739,12.2677,1.4214,-0.547,12.02,turn,-0.029,-0.029,-0.29,-0.24,-0.522,-0.654,-0.897,-0.547,1.427,3.725,4.715,7.183,7.331,7.995,10.042,12.02
400,20.0,12.1408,11.9744,0.8567,53.329,12.2815,1.52,-0.056,13.634,turn,0.017,-0.045,0.088,-0.201,0.195,-0.619,-0.041,-0.056,2.308,3.519,6.489,7.588,9.727,9.085,12.857,13.634
402,20.1,12.2119,12.0152,0.915,56.758,12.2861,1.622,0.901,15.808,turn,-0.039,0.111,0.007,0.221,0.046,0.101,0.529,0.901,1.41,4.721,6.064,9.362,9.999,11.857,13.714,15.808
404,20.2,12.2953,12.0584,0.9863,60.432,12.2905,1.7168,0.947,17.311,turn,0.079,0.1,0.38,0.263,0.478,0.486,1.046,0.947,3.243,4.516,7.634,9.261,11.792,12.568,14.913,17.311
406,20.3,12.3612,12.0893,1.0444,63.86,12.2659,1.7554,0.24,13.358,turn,-0.053,0.06,-0.008,0.076,-0.283,-0.143,0.113,0.24,0.74,3.852,4.345,6.733,8.383,8.278,10.149,13.358
408,20.4,12.4463,12.124,1.1221,67.878,12.2568,1.7649,-2.887,7.06,turn,-0.02,-0.218,-0.29,-0.887,-1.549,-2.053,-2.314,-2.887,1.351,1.919,2.967,3.084,4.064,4.006,5.86,7.06
410,20.5,12.5137,12.1477,1.1853,71.136,12.2215,1.848,-0.536,7.223,turn,-0.092,-0.054,-0.101,-0.373,-0.926,-0.859,-0.507,-0.536,-0.221,2.201,2.002,2.969,3.734,3.734,5.027,7.223
412,20.6,12.5986,12.1722,1.2666,74.949,12.2032,1.9682,0.793,11.327,turn,0.041,0.072,0.193,0.056,-0.245,-0.218,0.703,0.793,1.986,3.534,4.419,5.371,7.146,6.843,9.095,11.327
414,20.7,12.6663,12.1879,1.3324,78.524,12.1797,2.0967,1.652,16.929,turn,-0.01,0.038,0.176,0.243,-0.07,0.027,1.067,1.652,1.798,4.557,6.073,8.154,10.105,11.169,14.183,16.929
416,20.8,12.7455,12.2011,1.4105,82.263,12.1475,2.1878,2.126,18.48,turn,0.023,0.063,0.351,0.358,0.321,0.489,2.089,2.126,2.349,4.745,6.973,9.407,11.416,12.112,15.539,18.48
418,20.9,12.8197,12.2088,1.4843,85.838,12.1147,2.2562,2.262,18.363,turn,-0.008,0.042,0.169,0.175,-0.046,0.468,1.557,2.262,1.994,4.992,6.616,9.713,11.288,11.783,14.998,18.363
420,21.0,12.8974,12.2119,1.562,89.413,12.0655,2.3667,3.994,22.198,turn,0.043,0.108,0.43,0.591,0.691,1.344,3.059,3.994,3.119,6.327,8.909,11.858,14.681,14.978,18.827,22.198
422,21.1,12.9697,12.2105,1.6342,92.988,12.0228,2.3997,4.664,18.933,turn,0.012,0.107,0.363,0.655,0.77,1.708,3.365,4.664,2.219,5.664,7.223,10.06,11.922,12.175,15.873,18.933
424,21.2,13.0461,12.2041,1.7103,96.467,11.973,2.4948,5.694,21.763,turn,0.077,0.251,0.773,1.321,1.633,2.621,4.665,5.694,3.22,6.477,8.703,11.631,14.082,14.552,18.628,21.763
426,21.3,13.1178,12.1941,1.7814,99.425,11.9312,2.5557,6.205,21.68,turn,0.09,0.383,1.035,1.726,2.263,3.144,5.094,6.205,2.771,6.271,7.984,11.323,13.318,14.087,18.072,21.68
428,21.4,13.1946,12.1798,1.8568,101.885,11.9087,2.5938,5.241,18.587,turn,0.111,0.42,1.096,1.625,2.125,3.072,4.471,5.241,2.627,5.275,6.798,9.099,11.364,11.51,15.319,18.587
430,21.5,13.2673,12.1638,1.9277,103.582,11.8932,2.6651,3.186,18.945,turn,0.072,0.309,0.763,1.09,1.117,1.738,2.604,3.186,2.211,4.937,6.496,9.552,10.854,11.676,15.069,18.945
432,21.6,13.344,12.1448,2.002,105.028,11.8855,2.7019,1.079,15.289,turn,0.049,0.183,0.461,0.453,0.213,0.511,1.056,1.079,2.134,4.033,5.293,7.16,8.688,9.108,13.005,15.289
434,21.7,13.4163,12.1252,2.0717,106.448,11.8476,2.7534,1.416,14.26,turn,0.041,0.163,0.438,0.472,0.288,0.482,1.292,1.416,1.707,3.997,4.624,7.191,7.818,8.589,12.038,14.26
436,21.8,13.4922,12.1029,2.1442,107.869,11.8307,2.7703,0.734,8.912,turn,0.021,0.082,0.295,0.15,-0.127,0.031,0.408,0.734,1.324,2.448,3.05,4.704,4.489,4.758,8.172,8.912
438,21.9,13.5649,12.0797,2.2131,109.274,11.7788,2.8756,0.746,13.593,turn,0.013,0.066,0.196,0.105,-0.203,-0.136,0.508,0.746,1.544,3.692,4.213,6.688,7.246,8.22,11.487,13.593
440,22.0,13.6412,12.0536,2.2848,110.694,11.7542,2.8935,0.924,8.004,turn,0.023,0.059,0.216,0.101,-0.019,0.1,0.618,0.924,1.291,2.469,2.538,4.121,4.322,4.137,7.45,8.004
442,22.1,13.7131,12.0274,2.3518,112.114,11.7289,2.9201,1.272,5.124,turn,-0.005,0.002,0.08,-0.069,-0.314,-0.066,0.636,1.272,0.352,1.513,0.864,2.574,1.742,1.714,2.932,5.124
444,22.2,13.7898,11.9976,2.4224,113.605,11.7632,2.9602,-4.343,-0.111,n/a,-0.098,-0.397,-0.806,-1.738,-2.764,-3.493,-3.834,-4.343,0.087,0.196,-0.148,0.294,-0.87,-2.868,0.46,-0.111
446,22.3,13.8619,11.9679,2.4881,115.017,11.709,3.0415,-3.395,2.326,n/a,-0.11,-0.393,-0.822,-1.646,-2.564,-2.986,-2.996,-3.395,-0.0,0.926,0.416,1.714,-0.628,-0.357,2.283,2.326
448,22.4,13.9381,11.9348,2.5568,116.43,11.6794,3.0756,-2.6,-0.964,n/a,-0.094,-0.372,-0.689,-1.42,-2.109,-2.275,-2.339,-2.6,0.038,0.029,-0.195,-0.544,-1.233,-2.66,0.326,-0.964
450,22.5,14.0101,11.902,2.6209,117.719,11.6282,3.1355,-1.019,-0.515,n/a,-0.079,-0.252,-0.418,-0.854,-1.267,-1.306,-1.038,-1.019,-0.288,0.226,-1.236,0.861,-1.055,-1.902,0.081,-0.515
452,22.6,14.0865,11.8658,2.6881,118.691,11.5737,3.2236,-0.516,2.227,n/a,-0.041,-0.15,-0.216,-0.513,-0.815,-0.723,-0.661,-0.516,0.464,0.141,0.738,1.778,0.636,-0.366,2.252,2.227
454,22.7,14.1573,11.8316,2.7502,119.072,11.5353,3.2903,-0.42,2.79,n/a,-0.013,-0.078,-0.056,-0.352,-0.633,-0.6,-0.365,-0.42,-0.683,0.977,0.569,1.615,0.443,0.323,2.503,2.79
456,22.8,14.2397,11.7915,2.8221,119.141,11.4828,3.382,-0.302,5.878,n/a,-0.004,-0.067,-0.019,-0.281,-0.543,-0.605,-0.274,-0.302,1.503,2.1,2.424,3.192,2.966,2.581,5.383,5.878
458,22.9,14.3034,11.7605,2.8777,119.141,11.4618,3.4143,-0.045,2.57,n/a,-0.002,-0.057,0.015,-0.27,-0.59,-0.593,-0.145,-0.045,-0.09,0.781,0.496,1.381,0.103,0.212,2.78,2.57
460,23.0,14.3794,11.7234,2.9441,119.141,11.4289,3.4815,-0.44,2.507,n/a,-0.003,-0.06,0.021,-0.303,-0.724,-0.622,-0.32,-0.44,0.353,0.744,0.828,1.236,0.516,-0.02,2.736,2.507
462,23.1,14.4507,11.6887,3.0064,119.141,11.3838,3.5583,-0.242,4.3,n/a,-0.005,-0.075,-0.005,-0.278,-0.716,-0.543,-0.381,-0.242,0.24,1.395,1.273,2.156,1.483,1.594,4.238,4.3
464,23.2,14.5265,11.6518,3.0726,119.141,11.3454,3.6333,-0.539,5.111,n/a,-0.006,-0.073,0.005,-0.303,-0.732,-0.543,-0.35,-0.539,0.712,1.607,2.068,2.776,2.749,2.716,5.926,5.111
466,23.3,14.5984,11.6168,3.1354,119.141,11.2944,3.7226,-0.44,8.268,n/a,-0.007,-0.075,-0.039,-0.313,-0.748,-0.65,-0.404,-0.44,0.665,2.296,2.637,4.066,3.872,4.62,7.78,8.268
468,23.4,14.6742,11.5799,3.2016,119.141,11.2423,3.8133,-0.302,10.401,n/a,-0.004,-0.066,-0.043,-0.27,-0.7,-0.644,-0.343,-0.302,1.545,2.986,3.948,5.583,6.005,6.568,10.455,10.401
470,23.5,14.7455,11.5452,3.2639,119.141,11.2159,3.8623,-0.381,9.52,n/a,-0.005,-0.069,-0.035,-0.255,-0.74,-0.644,-0.487,-0.381,0.972,2.571,2.997,4.74,4.344,5.237,7.647,9.52
472,23.6,14.8203,11.5087,3.3292,119.141,11.1765,3.9318,-0.321,9.844,n/a,-0.002,-0.065,-0.032,-0.288,-0.692,-0.543,-0.411,-0.321,1.41,2.709,3.605,5.022,5.072,4.729,9.23,9.844
474,23.7,14.8918,11.4739,3.3917,119.141,11.1266,4.0174,-0.134,12.011,n/a,0.003,-0.054,-0.02,-0.275,-0.708,-0.475,-0.373,-0.134,1.301,3.405,4.038,6.154,5.877,7.383,11.464,12.011
476,23.8,14.9671,11.4372,3.4574,119.141,11.081,4.1017,-0.262,14.741,n/a,0.001,-0.05,-0.03,-0.293,-0.716,-0.441,-0.472,-0.262,1.997,3.846,5.184,6.215,8.016,8.673,12.795,14.741
478,23.9,15.0382,11.4026,3.5195,119.141,11.0458,4.168,-0.41,14.748,n/a,-0.004,-0.072,-0.066,-0.359,-0.818,-0.678,-0.525,-0.41,1.563,3.954,4.215,7.141,7.708,8.793,13.586,14.748
480,24.0,15.1143,11.3656,3.586,119.141,11.0206,4.2099,-0.252,12.282,n/a,-0.008,-0.075,-0.045,-0.399,-0.818,-0.836,-0.442,-0.252,1.653,2.713,4.605,6.048,5.627,7.236,11.222,12.282
482,24.1,15.1856,11.3309,3.6483,119.141,10.9852,4.2771,-0.43,13.631,n/a,-0.008,-0.07,-0.055,-0.435,-0.826,-0.892,-0.472,-0.43,0.467,3.525,4.117,5.539,6.281,7.174,11.207,13.631
484,24.2,15.2689,11.2903,3.721,119.141,10.9454,4.3517,-0.588,14.962,n/a,-0.011,-0.073,-0.055,-0.506,-0.842,-0.904,-0.556,-0.588,2.408,4.28,4.959,7.167,7.639,8.637,13.871,14.962
486,24.3,15.3333,11.2589,3.7772,119.141,10.9008,4.4303,-0.519,17.514,n/a,-0.009,-0.061,-0.05,-0.44,-0.771,-0.825,-0.472,-0.519,1.518,3.597,5.465,7.325,8.233,10.415,15.035,17.514
488,24.4,15.41,11.2216,3.8443,119.141,10.8456,4.5285,-0.479,21.819,n/a,-0.007,-0.06,-0.062,-0.379,-0.708,-0.825,-0.419,-0.479,1.984,5.307,6.841,9.374,11.833,13.556,19.339,21.819
490,24.5,15.4873,11.1839,3.9118,119.141,10.8281,4.5587,-0.42,20.148,n/a,-0.009,-0.063,-0.063,-0.364,-0.716,-0.791,-0.411,-0.42,2.374,4.545,5.952,9.013,10.053,11.993,16.583,20.148
492,24.6,15.5559,11.1505,3.9717,119.141,10.7917,4.6223,-0.341,21.469,n/a,-0.009,-0.063,-0.056,-0.384,-0.732,-0.825,-0.426,-0.341,1.704,4.106,6.511,8.903,10.417,11.846,18.611,21.469
494,24.7,15.6309,11.114,4.0372,119.141,10.7821,4.6392,-0.321,18.459,n/a,-0.007,-0.057,-0.019,-0.334,-0.7,-0.723,-0.366,-0.321,1.224,4.134,5.165,7.376,7.94,10.512,15.496,18.459
496,24.8,15.7044,11.0782,4.1014,119.141,10.7204,4.7538,-0.519,26.792,n/a,-0.006,-0.063,-0.049,-0.364,-0.826,-0.723,-0.381,-0.519,3.024,5.651,7.738,10.281,13.444,15.829,22.414,26.792
498,24.9,15.7669,11.0478,4.156,119.141,10.697,4.796,-0.529,26.047,n/a,-0.009,-0.065,-0.053,-0.364,-0.795,-0.768,-0.426,-0.529,1.994,5.038,6.643,10.573,12.915,15.974,22.953,26.047
500,25.0,15.8381,11.0131,4.2182,119.141,10.6801,4.8205,-0.252,25.105,n/a,-0.01,-0.063,-0.043,-0.339,-0.795,-0.734,-0.419,-0.252,2.165,4.254,7.226,9.937,12.646,15.485,21.092,25.105
502,25.1,15.903,10.9815,4.2748,119.141,10.6348,4.9016,-0.242,30.248,n/a,-0.011,-0.062,-0.045,-0.389,-0.85,-0.757,-0.51,-0.242,2.035,6.274,8.597,12.816,16.183,18.319,26.085,30.248
504,25.2,15.9726,10.9476,4.3356,119.141,10.5865,4.9841,-0.035,35.833,n/a,-0.006,-0.056,-0.016,-0.339,-0.716,-0.599,-0.442,-0.035,4.168,7.953,11.462,16.288,19.102,23.428,31.411,35.833
506,25.3,16.0241,10.9225,4.3807,119.141,10.5872,4.9806,0.074,31.837,n/a,-0.005,-0.049,-0.0,-0.329,-0.661,-0.61,-0.487,0.074,2.695,6.884,10.115,13.717,17.28,20.809,28.144,31.837
508,25.4,16.0842,10.8933,4.4331,119.141,10.5431,5.0621,-0.045,37.493,n/a,-0.007,-0.061,-0.006,-0.349,-0.732,-0.701,-0.51,-0.045,4.119,8.934,11.619,17.119,20.941,24.892,33.202,37.493
510,25.5,16.1337,10.8691,4.4764,119.141,10.5278,5.0891,-0.02,37.581,n/a,-0.002,-0.046,0.015,-0.298,-0.669,-0.554,-0.502,-0.02,4.156,7.845,11.975,17.243,20.603,25.094,32.773,37.581
512,25.6,16.1806,10.8463,4.5173,119.141,10.5222,5.1033,-0.222,36.642,n/a,-0.007,-0.042,0.004,-0.318,-0.645,-0.56,-0.533,-0.222,2.87,7.866,11.497,16.525,19.75,24.002,31.897,36.642
514,25.7,16.2363,10.8192,4.566,119.141,10.4952,5.151,-0.193,40.862,n/a,-0.008,-0.051,-0.009,-0.329,-0.661,-0.526,-0.472,-0.193,4.527,9.295,13.096,18.481,21.797,26.63,34.954,40.862
516,25.8,16.2753,10.8002,4.6,119.141,10.4845,5.1721,-0.282,42.935,n/a,-0.01,-0.054,-0.009,-0.389,-0.63,-0.616,-0.464,-0.282,4.157,8.932,12.962,18.241,21.992,26.99,36.634,42.935
518,25.9,16.3167,10.78,4.6362,119.141,10.4618,5.2108,-0.183,47.473,n/a,-0.012,-0.064,-0.026,-0.425,-0.716,-0.622,-0.487,-0.183,4.327,9.402,13.503,19.505,23.798,29.906,40.591,47.473
520,26.0,16.3565,10.7607,4.6709,119.141,10.4512,5.2294,-0.163,49.655,n/a,-0.012,-0.052,-0.006,-0.405,-0.661,-0.571,-0.434,-0.163,4.381,9.369,13.666,20.279,25.014,32.205,42.899,49.655
522,26.1,16.3931,10.7428,4.7029,119.141,10.426,5.2738,-0.124,54.752,n/a,-0.009,-0.049,0.007,-0.364,-0.637,-0.554,-0.373,-0.124,4.585,10.255,15.447,23.139,29.316,36.731,47.745,54.752
524,26.2,16.4291,10.7253,4.7344,119.141,10.4054,5.311,-0.134,58.999,n/a,-0.009,-0.052,0.004,-0.349,-0.63,-0.56,-0.274,-0.134,5.272,11.535,17.96,26.628,33.368,40.703,51.542,58.999
526,26.3,16.4593,10.7106,4.7607,119.141,10.3918,5.3355,-0.143,61.807,n/a,-0.008,-0.049,0.005,-0.354,-0.661,-0.61,-0.335,-0.143,5.826,13.268,20.662,29.492,36.241,43.567,54.346,61.807
528,26.4,16.4838,10.6987,4.7822,119.141,10.3908,5.3388,-0.213,62.139,n/a,-0.009,-0.044,0.004,-0.354,-0.637,-0.616,-0.404,-0.213,6.742,14.926,22.497,30.979,37.336,44.662,54.881,62.139
530,26.5,16.4964,10.6925,4.7932,119.141,10.3675,5.379,-0.143,66.783,n/a,-0.008,-0.047,0.005,-0.334,-0.645,-0.571,-0.381,-0.143,8.099,17.046,24.96,33.763,40.644,48.131,59.177,66.783
