frame,x,y,yaw_deg
0,-57.9427,29.5494,-2.621
3,-57.9092,29.5478,-2.621
6,-57.8724,29.5462,-2.621
9,-57.8382,29.5446,-2.621
12,-57.7994,29.5428,-2.621
15,-57.7634,29.5412,-2.621
18,-57.7231,29.5393,-2.621
21,-57.6854,29.5376,-2.621
24,-57.6416,29.5356,-2.621
27,-57.5995,29.5337,-2.621
30,-57.5539,29.5316,-2.621
33,-57.5115,29.5296,-2.621
36,-57.4656,29.5275,-2.621
39,-57.4223,29.5256,-2.621
42,-57.3747,29.5234,-2.621
45,-57.33,29.5213,-2.621
48,-57.2813,29.5191,-2.621
51,-57.2361,29.517,-2.621
54,-57.1867,29.5148,-2.621
57,-57.1405,29.5127,-2.621
60,-57.0961,29.5106,-2.621
63,-57.0477,29.5084,-2.621
66,-57.0028,29.5064,-2.621
69,-56.9546,29.5042,-2.621
72,-56.9096,29.5021,-2.621
75,-56.8611,29.4999,-2.621
78,-56.8164,29.4978,-2.621
81,-56.7679,29.4956,-2.621
84,-56.7235,29.4936,-2.621
87,-56.6753,29.4914,-2.621
90,-56.6306,29.4893,-2.621
93,-56.5813,29.4871,-2.621
96,-56.5354,29.485,-2.621
99,-56.4864,29.4827,-2.621
102,-56.4407,29.4806,-2.621
105,-56.3905,29.4783,-2.621
108,-56.344,29.4762,-2.621
111,-56.293,29.4739,-2.621
114,-56.2459,29.4717,-2.621
117,-56.1949,29.4694,-2.621
120,-56.1476,29.4672,-2.621
123,-56.0956,29.4648,-2.621
126,-56.0464,29.4626,-2.621
129,-55.9916,29.4601,-2.621
132,-55.9412,29.4578,-2.621
135,-55.8879,29.4553,-2.621
138,-55.8376,29.453,-2.621
141,-55.7831,29.4505,-2.621
144,-55.7325,29.4482,-2.621
147,-55.6782,29.4457,-2.621
150,-55.6287,29.4435,-2.621
153,-55.5746,29.441,-2.621
156,-55.5246,29.4387,-2.621
159,-55.4705,29.4362,-2.621
162,-55.4213,29.434,-2.621
165,-55.3657,29.4314,-2.621
168,-55.3116,29.4289,-2.621
171,-55.2499,29.4261,-2.621
174,-55.1938,29.4236,-2.621
177,-55.133,29.4208,-2.621
180,-55.0772,29.4182,-2.621
183,-55.0166,29.4154,-2.621
186,-54.9606,29.4129,-2.621
189,-54.8993,29.4101,-2.621
192,-54.8422,29.4075,-2.621
195,-54.7796,29.4046,-2.621
198,-54.7202,29.4019,-2.621
201,-54.6546,29.3989,-2.621
204,-54.5942,29.3961,-2.621
207,-54.5281,29.3931,-2.621
210,-54.4679,29.3903,-2.621
213,-54.4031,29.3874,-2.621
216,-54.3432,29.3846,-2.621
219,-54.277,29.3816,-2.621
222,-54.2168,29.3788,-2.621
225,-54.1523,29.3759,-2.621
228,-54.0924,29.3731,-2.621
231,-54.0271,29.3702,-2.621
234,-53.9672,29.3674,-2.621
237,-53.9018,29.3644,-2.621
240,-53.8416,29.3617,-2.621
243,-53.7765,29.3587,-2.621
246,-53.7166,29.3559,-2.621
249,-53.6513,29.353,-2.621
252,-53.5917,29.3502,-2.621
255,-53.5272,29.3473,-2.621
258,-53.4687,29.3446,-2.621
261,-53.4057,29.3417,-2.621
264,-53.3474,29.339,-2.621
267,-53.2832,29.3361,-2.621
270,-53.2245,29.3334,-2.621
273,-53.162,29.3306,-2.621
276,-53.1041,29.3279,-2.621
279,-53.0416,29.325,-2.621
282,-52.9831,29.3224,-2.621
285,-52.9175,29.3194,-2.621
288,-52.8566,29.3166,-2.621
291,-52.7906,29.3136,-2.621
294,-52.7307,29.3108,-2.621
297,-52.6666,29.3079,-2.621
300,-52.6075,29.3052,-2.621
303,-52.5432,29.3022,-2.621
306,-52.4837,29.2995,-2.621
309,-52.4186,29.2965,-2.621
312,-52.3586,29.2938,-2.621
315,-52.2938,29.2908,-2.621
318,-52.2337,29.2881,-2.621
321,-52.1687,29.2851,-2.621
324,-52.1069,29.2823,-2.621
327,-52.0412,29.2793,-2.621
330,-51.9803,29.2765,-2.621
333,-51.9153,29.2735,-2.621
336,-51.8554,29.2708,-2.621
339,-51.7912,29.2678,-2.621
342,-51.7317,29.2651,-2.621
345,-51.6668,29.2621,-2.621
348,-51.6075,29.2594,-2.621
351,-51.5435,29.2565,-2.621
354,-51.4849,29.2538,-2.621
357,-51.4212,29.2509,-2.621
360,-51.3629,29.2482,-2.621
363,-51.3002,29.2453,-2.621
366,-51.242,29.2427,-2.621
369,-51.1781,29.2397,-2.621
372,-51.1178,29.237,-2.621
375,-51.0515,29.234,-2.621
378,-50.9897,29.2311,-2.621
381,-50.9203,29.2279,-2.621
384,-50.8538,29.2249,-2.621
387,-50.7781,29.2214,-2.621
390,-50.7049,29.2181,-2.621
393,-50.6277,29.2146,-2.621
396,-50.5574,29.2113,-2.621
399,-50.4818,29.2079,-2.621
402,-50.4129,29.2047,-2.621
405,-50.3378,29.2013,-2.621
408,-50.2686,29.1981,-2.621
411,-50.1937,29.1947,-2.621
414,-50.1245,29.1915,-2.621
417,-50.0508,29.1882,-2.621
420,-49.9834,29.1851,-2.621
423,-49.9111,29.1818,-2.621
426,-49.8453,29.1787,-2.621
429,-49.7756,29.1755,-2.621
432,-49.711,29.1726,-2.621
435,-49.6407,29.1694,-2.621
438,-49.5758,29.1664,-2.621
441,-49.5054,29.1632,-2.621
444,-49.4415,29.1603,-2.621
447,-49.3736,29.1572,-2.621
450,-49.3112,29.1543,-2.621
453,-49.2442,29.1512,-2.621
456,-49.1818,29.1484,-2.621
459,-49.1147,29.1453,-2.621
462,-49.0526,29.1425,-2.621
465,-48.9861,29.1394,-2.621
468,-48.9243,29.1366,-2.621
471,-48.8568,29.1335,-2.621
474,-48.7946,29.1306,-2.621
477,-48.727,29.1276,-2.621
480,-48.6648,29.1247,-2.621
483,-48.5975,29.1216,-2.621
486,-48.5349,29.1188,-2.621
489,-48.4662,29.1156,-2.621
492,-48.4018,29.1127,-2.621
495,-48.3325,29.1095,-2.621
498,-48.2692,29.1066,-2.621
501,-48.2008,29.1035,-2.621
504,-48.1379,29.1006,-2.621
507,-48.0688,29.0974,-2.621
510,-48.0049,29.0945,-2.621
513,-47.9361,29.0914,-2.621
516,-47.8717,29.0884,-2.621
519,-47.8025,29.0852,-2.621
522,-47.7382,29.0823,-2.621
525,-47.6683,29.0791,-2.621
528,-47.6035,29.0761,-2.621
531,-47.5329,29.0729,-2.621
534,-47.4672,29.0699,-2.621
537,-47.3956,29.0666,-2.621
540,-47.3297,29.0636,-2.621
543,-47.2577,29.0603,-2.621
546,-47.1911,29.0573,-2.621
549,-47.1189,29.0539,-2.621
552,-47.0513,29.0509,-2.621
555,-46.978,29.0475,-2.621
558,-46.9102,29.0444,-2.621
561,-46.8366,29.041,-2.621
564,-46.7683,29.0379,-2.621
567,-46.6941,29.0345,-2.621
570,-46.6257,29.0314,-2.621
573,-46.5509,29.0279,-2.621
576,-46.4821,29.0248,-2.621
579,-46.4074,29.0214,-2.621
582,-46.3379,29.0182,-2.621
585,-46.2628,29.0148,-2.621
588,-46.1941,29.0116,-2.621
591,-46.1202,29.0082,-2.621
594,-46.052,29.0051,-2.621
597,-45.9783,29.0017,-2.621
600,-45.9107,28.9986,-2.621
603,-45.8372,28.9953,-2.621
606,-45.7686,28.9921,-2.621
609,-45.6948,28.9888,-2.621
612,-45.6276,28.9857,-2.621
615,-45.5544,28.9823,-2.621
618,-45.4868,28.9792,-2.621
621,-45.4146,28.9759,-2.621
624,-45.3487,28.9729,-2.621
627,-45.2776,28.9697,-2.621
630,-45.2121,28.9667,-2.621
633,-45.1416,28.9634,-2.621
636,-45.0786,28.9606,-2.621
639,-45.0118,28.9575,-2.621
642,-44.9505,28.9547,-2.621
