bag,approach_idx,building,floor,goal,sign_situation,sign_type,sign_text,sign_visible_frame,flip_frame,junction_frame,sign_exit_frame,decision,decision_grounded,temporary_present,occluded,semantic_only,notes,annotator,fps,junction_visible_frame,type of sign
rosbag2-meche-1,0,mechanical engineering,,Lind Hall,directional,building_wing,Lind Hall <,0,180,250,312,turn_left,1,1,0,0,gopher way sign,NN,30,0,wall
rosbag2-meche-2,0,mechanical engineering,2,2-130,directional,room_range,Rooms 2101-2134 ^,0,707,931,892,straight,1,1,0,0,,NN,30,438,wall
rosbag2-meche-3,0,mechanical engineering,2,220,directional,room_range,Rooms 200 - 206 < | Room 209 - 230 >,0,602,870,880,turn_right,1,0,0,0,,NN,30,640,wall
rosbag2-meche-4,0,mechanical engineering,2,265,directional,room_range,Rooms 251 - 276 <,0,136,309,400,turn_left,1,1,0,0,,NN,30,147,wall
rosbag2-meche-5,0,mechanical engineering,1,120,directional,room_range,Rooms 101 & 107 < | Rooms 112 - 130 >,0,670,783,839,turn_right,1,1,0,0,,NN,30,546,wall
rosbag2-meche-6,0,mechanical engineering,1,107,directional,room_range,Rooms 101 & 107 < | Rooms 112 - 130 >,0,665,915,871,turn_left,1,1,0,0,,NN,30,599,wall
rosbag2-rapson-7,0,rapson,1,Design Studio,directional,building_wing,Architecture & Landscape Architecture Library < | Auditorium < | Dean's Office < | Design Studio < | HGA Gallery < | Student Services and Advising <,0,366,586,638,turn_left,1,1,0,0,,NN,30,146,wall
rosbag2-rapson-8,0,rapson,1,107,directional,building_wing,College of Design Student Services and Advising 102 - 108 ^,0,174,382,468,straight,1,0,0,1,"put yes for semantic as the sign says ""College of Design Student Services and Advising 102-108"" but my goal could just be a room number.",NN,30,0,wall
rosbag2-rapson-9,0,rapson,,63,directional,room_range,Rooms 31 - 47 < | Product Design Lab 47 < | Rooms 54 - 69 > | Design Administration 65 >,207,277,553,570,turn_right,1,1,0,0,,NN,30,135,wall
rosbag2-rapson-10,0,rapson,,Product Design Lab 47,directional,room_single,Rooms 31 - 47 < | Product Design Lab 47 < | Rooms 54 - 69 > | Design Administration 65 >,259,323,521,581,turn_left,1,1,0,0,,NN,30,319,wall
rosbag2-rapson-11,0,rapson,,25,directional,room_range,"Rooms 43 - 58 < | Rooms 1 - 37, 63 - 71 >",0,244,552,595,turn_right,1,1,0,0,,NN,30,91,wall
rosbag2-rapson-12,0,rapson,,49,directional,room_range,"Rooms 43 - 58 < | Rooms 1 - 37, 63 - 71 >",0,226,553,575,turn_left,1,1,0,0,,NN,30,96,wall
rosbag2-rapson-13,0,rapson,,39,directional,room_range,"Rooms 1 - 15, 54 - 71 < | Rooms 31 - 47 >",0,131,515,544,turn_right,1,1,0,0,,NN,30,93,wall
rosbag2-moos-14,0,moos,3,3-333,directional,room_range,Rooms 3-317 - 3-349 ^ | Building Directory > | Elevators to Dental Clinics >,0,405,608,829,straight,1,0,0,0,,NN,30,67,wall
rosbag2-moos-15,0,moos,3,Elevator,directional,floor_elevator,Rooms 3-317 - 3-349 ^ | Building Directory > | Elevators to Dental Clinics >,0,268,645,701,turn_right,1,0,0,1,,NN,30,348,wall
rosbag2-moos-16,0,moos,,Harvard Street,directional,building_wing,Harvard Street ^,0,468,1001,1086,straight,1,0,0,0,,NN,30,0,head
rosbag2-moos-17,0,moos,,Cafe,directional,building_wing,Cafe < | Microbiology Prep 2-237 < | Teaching Lab 2-252 <,0,139,460,552,turn_left,1,0,0,0,,NN,30,0,wall
rosbag2-moos-18,0,moos,,Teaching Lab 2-252,directional,room_single,Cafe > | Microbiology Prep 2-237 > | Teaching Lab 2-252 >,79,301,429,506,turn_right,1,0,0,0,,NN,30,66,wall
rosbag2-pwb-19,0,pwb,,2-150,directional,room_range,Rooms 2-107 - 2-197 ^,0,368,422,576,straight,1,0,0,0,,NN,30,0,wall
rosbag2-pwb-20,0,pwb,,Mayo Building,directional,building_wing,Diehl Hall ^ | Mayo Building ^,0,371,1014,985,straight,1,0,0,0,,NN,30,847,head
rosbag2-pwb-21,0,pwb,,Elevators,directional,floor_elevator,Dental Clinics < | Elevators <,0,208,600,802,turn_left,1,0,0,0,,NN,30,0,wall
rosbag2-pwb-22,0,pwb,2,Library Group Study,directional,building_wing,"Elevators < | Eye Clinic Ophthalmology 9th Flr. < | Gender Neutral Restroom < | Health Sciences Student Lockers < | Library Group Study < | Lilehei Clinical Research Unit, 1st Flr. < | University of Minnesota Health Clinical Research Unit, 1st Flr. < | Wellness Room 2-242C <",0,214,501,561,turn_left,1,0,0,1,,NN,30,0,wall
rosbag2-pwb-23,0,pwb,,Health Clinical Research Unit,directional,building_wing,"Elevators > | Eye Clinic Ophthalmology 9th Flr. > | Gender Neutral Restroom > | Health Sciences Student Lockers > | Library Group Study > | Lilehei Clinical Research Unit, 1st Flr. > | University of Minnesota Health Clinical Research Unit, 1st Flr. > | Wellness Room 2-242C >",0,205,324,404,turn_right,1,0,0,1,,NN,30,0,wall
rosbag2-hsec-24,0,hsec,2,Library,directional,building_wing,Gender Neutral Restrooms < | Health Sciences Student Lockers < | Library Group Study 2-237 to 2-245 < | Wangensteen Historical Library < | Wellness Room 2-242C <,0,266,620,657,turn_left,1,0,0,1,Put library as the goal instead of Wangensteen Historical Library to see if it would semantically work,NN,30,283,wall
rosbag2-hsec-25,0,hsec,2,2-353,directional,room_range,Health Science Student Lockers < | Library Group Study 2-344 > | Seminar 2-350 to 2-366 > | Wangensteen Historical Library >,0,446,722,766,turn_right,1,0,0,0,,NN,30,496,wall
rosbag2-hsec-26,0,hsec,2,Vending,directional,building_wing,"Active Learning Classrooms 2-110, 2-132, 2-138 ^ | Elevators ^ | Library Group Study 2-105, 2-113 ^ | Seminar Rooms 2-101A, 2-101B ^ | Restrooms ^ | Vending ^",0,301,377,485,straight,1,0,0,0,,NN,30,0,wall
rosbag2-hsec-27,0,hsec,2,Phillips Wangensteen Building,directional,building_wing,Phillips Wangensteen Building > | Elevator Access >,0,261,599,324,turn_right,1,0,0,0,gopher way sign,NN,30,0,wall
rosbag2-hsec-28,0,hsec,,Health Sciences Education Center,directional,building_wing,Health Sciences Education Center < | Diehl Hall ^ | Hospital ^,0,0,234,227,turn_left,1,0,0,0,,NN,30,0,head
rosbag2-hsec-29,0,hsec,2,Hospital,directional,building_wing,Health Sciences Education Center < | Diehl Hall ^ | Hospital ^,0,0,215,313,straight,1,0,0,0,,NN,30,0,head
rosbag2-hsec-30,0,hsec,2,Mayo Building,directional,building_wing,Diehl Hall < | Phillips-Wangensteen Bldg < | Hospital > | Mayo Bldg >,0,100,741,516,turn_right,1,0,0,1,put yes for semantic as the goal could be Mayo Building and the sign says Mayo Bldg.,NN,30,430,head