bag,approach_idx,building,floor,goal,sign_situation,sign_type,sign_text,sign_visible_frame,flip_frame,junction_frame,sign_exit_frame,decision,decision_grounded,temporary_present,occluded,semantic_only,notes,annotator,fps
rosbag2-keller-t1,0,keller,5,5-182,directional,room_range,5-231 to 5-250 < | 5-201 to 5-217 > | 5-117 to 5-196 >,31,159,293,268,turn_right,1,0,0,0,,NN,20
rosbag2-keller-t3,0,keller,5,Main Elevators,directional,floor_elevator,"Rooms 5-130 to 5-183 ^ | Rooms 5-101 to 5-129 > |  Main Elevators, Stairs > |  Restrooms >",0,150,332,201,turn_right,1,0,0,0,,NN,20
rosbag2-keller-t2,0,keller,5,5-240,directional,room_range,5-231 to 5-250 < | 5-201 to 5-217 > | 5-117 to 5-196 >,0,153,297,270,turn_left,1,0,0,0,,NN,20
rosbag2-keller-t4,0,keller,5,5-150,directional,room_range,"Rooms 5-130 to 5-183 ^ | Rooms 5-101 to 5-129 > | Main Elevators, Stairs > | Restrooms >",119,240,564,398,straight,1,0,0,0,,NN,20
rosbag2-keller-t5,0,keller,5,5-160,directional,room_range,5-140 to 5-146 ^ | Staff Elevator ^ | Restrooms ^ | Stairs ^ | 5-147 to 5-196 < | 5-201 to 5-250 <,0,230,318,290,turn_left,1,0,0,0,,NN,20
rosbag2-keller-t6,0,keller,5,Staff Elevator,directional,floor_elevator,5-140 to 5-146 ^ | Staff Elevator ^ | Restrooms ^ | Stairs ^ | 5-147 to 5-196 < | 5-201 to 5-250 <,0,280,491,472,straight,1,0,0,0,,NN,20
rosbag2-keller-t7,0,keller,2,2-108,directional,room_range,2-224 to 2-260 ^ | Amundson Hall ^ | Classroom 2-260 ^ | 2-270 to 2-276 < | 2-101 to 2-129 < | Main Elevators < | Restrooms < | Stairs < | Vending Services < | 2-203 to 2-221 >,0,111,387,328,turn_left,1,1,0,0,,NN,20
rosbag2-keller-t8,0,keller,2,2-210,directional,room_range,2-224 to 2-260 ^ | Amundson Hall ^ | Classroom 2-260 ^ | 2-270 to 2-276 < | 2-101 to 2-129 < | Main Elevators < | Restrooms < | Stairs < | Vending Services < | 2-203 to 2-221 >,0,114,344,313,turn_right,1,1,0,0,,NN,20
rosbag2-keller-e1,0,keller,2,Elevators,directional,floor_elevator,2-111 to 2-140 < | Vending Services < | 2-221 to 2-260 > | Amundson Hall > | Elevators > | Restrooms > | Stairs >,0,190,426,390,turn_right,1,0,0,0,,NN,20
rosbag2-keller-e2,0,keller,2,2-130,directional,room_range,2-111 to 2-140 < | Vending Services < | 2-221 to 2-260 > | Amundson Hall > | Elevators > | Restrooms > | Stairs >,0,190,365,332,turn_left,1,0,0,0,,NN,20
rosbag2-keller-e3,0,keller,2,2-119,directional,room_range,2-111 to 2-140 ^ | Vending Services ^ | 2-145 to 2-188 < | 2-203 to 2-246 < | 2-270 to 2-276 < | Study Commons <,114,191,319,294,straight,1,0,0,0,,NN,20
rosbag2-keller-t15,0,keller,2,2-150,directional,room_range,2-145 to 2-164 < | 2-170 to 2-175 > | 2-101 to 2-140 > | CSE Computer Labs 2-170 & 2-172 > | Elevators > | Restrooms > | Stairs > | Vending >,0,162,304,337,turn_left,1,1,0,0,,NN,30
rosbag2-keller-t16,0,keller,2,Restrooms,directional,floor_elevator,2-145 to 2-164 < | 2-170 to 2-175 > | 2-101 to 2-140 > | CSE Computer Labs 2-170 & 2-172 > | Elevators > | Restrooms > | Stairs > | Vending >,0,160,336,342,turn_right,1,1,0,0,,NN,30
rosbag2-keller-t17,0,keller,2,Study Commons,directional,building_wing,2-170 to 2-175 ^ | 2-101 to 2-149 ^ | Main Elevators ^ | Restrooms ^ | Stairs ^ | Vending Services ^ | 2-178 to 2-188 > | 2-203 to 2-276 > | Amundson Hall > | Study Commons >,0,40,228,285,turn_right,1,1,0,0,,NN,30
rosbag2-keller-t18,0,keller,2,Main Elevators,directional,floor_elevator,2-170 to 2-175 ^ | 2-101 to 2-149 ^ | Main Elevators ^ | Restrooms ^ | Stairs ^ | Vending Services ^ | 2-178 to 2-188 > | 2-203 to 2-276 > | Amundson Hall > | Study Commons >,0,10,223,202,straight,1,1,0,0,,NN,30
rosbag2-keller-t19,0,keller,2,2-260,directional,room_single,Elevators < | General Purpose Classroom 2-260 <,0,110,312,342,turn_left,1,0,0,0,,NN,30
rosbag2_2026_08_20-17_30_56,0,tate,1,180,directional,room_single,"175-07, 180, 185 > | Loading Dock >",0,309,432,506,turn_right,1,0,0,0,,NN,30
rosbag2_2026_08_20-17_13_22,0,tate,,B50,directional,room_single,S69 - S76 < | Classroom B50 < | S50 - S69 > | Elevator > | Women's Restroom >,0,401,486,538,turn_left,1,1,0,0,,NN,30
rosbag2_2026_08_20-17_14_52,0,tate,,Mechanical Engineering,directional,building_wing,Morrill Hall < | Mechanical Engineering < | Electron Microprobe Lab <,0,229,348,476,turn_left,1,1,0,1,,NN,30
rosbag2_2026_08_20-18_11_09,0,tate,,S100,directional,room_range,S79 - S106 ^ | S50 - S74 > | Classroom B50 > | Elevator >,130,460,579,548,straight,1,1,0,0,,NN,30
rosbag2_2026_08_20-18_45_34,0,keller,2,2-111,directional,room_range,2-224 to 2-260 ^ | Amundson Hall ^ | Classroom 2-260 ^ | 2-270 to 2-276 < | 2-101 to 2-129 < | Main Elevators < | Restrooms < | Stairs < | Vending Services < | 2-203 to 2-221 >,0,710,916,955,turn_left,1,1,0,0,,NN,30
rosbag2_2026_08_20-17_12_19,0,tate,,Elevator,directional,floor_elevator,S69 - S76 < | Classroom B50 < | S50 - S69 > | Elevator > | Women's Restroom >,0,384,494,594,turn_right,1,1,0,0,,NN,30
rosbag2_2026_08_20-18_16_36,0,tate,,B50,directional,room_range,S79 - S106 ^ | S50 - S74 > | Classroom B50 > | Elevator >,0,451,598,643,turn_right,1,1,0,0,,NN,30
rosbag2_2026_08_20-18_47_20,0,keller,2,2-219,directional,room_range,2-224 to 2-260 ^ | Amundson Hall ^ | Classroom 2-260 ^ | 2-270 to 2-276 < | 2-101 to 2-129 < | Main Elevators < | Restrooms < | Stairs < | Vending Services < | 2-203 to 2-221 >,0,780,1069,1077,turn_right,1,1,0,0,,NN,30
rosbag2_2026_08_20-18_53_30,0,keller,2,Study Commons,directional,building_wing,2-111 to 2-140 ^ | Vending Services ^ | 2-145 to 2-188 < | 2-203 to 2-246 < | 2-270 to 2-276 < | Study Commons <,0,221,339,426,turn_left,1,1,0,0,,NN,30
rosbag2_2026_08_20-17_22_43,0,tate,1,101,directional,room_single,"130-01 to 130-37 ^ | 130 Personnel Entrance ^ | Family Restroom ^ | Classrooms 101, 105 < | 130 Faculty and Staff Offices < | Men's Restroom <",0,369,469,549,turn_left,1,1,0,0,,NN,30
rosbag2_2026_08_20-17_39_11,0,tate,,B63,directional,room_range,B55 - B59 < | B61 - B65 > | Women's Restroom >,0,256,328,371,turn_right,1,0,0,0,,NN,30
rosbag2_2026_08_20-17_45_35,0,tate,,B70,directional,room_range,B55 - B85 ^ | Women's Restroom ^,0,234,281,285,straight,1,0,0,0,,NN,30
rosbag2_2026_08_20-18_11_54,0,tate,,S67,directional,room_range,S79 - S106 ^ | S50 - S74 > | Classroom B50 > | Elevator >,0,444,528,608,turn_right,1,1,0,0,,NN,30
rosbag2_2026_08_20-18_34_52,0,keller,2,2-211,directional,room_range,2-224 to 2-260 ^ | Amundson Hall ^ | Classroom 2-260 ^ | 2-270 to 2-276 < | 2-101 to 2-129 < | Main Elevators < | Restrooms < | Stairs < | Vending Services < | 2-203 to 2-221 >,0,718,775,815,turn_right,1,1,0,0,,NN,30
rosbag2_2026_08_20-17_18_32,0,tate,1,176,directional,room_range,150 - 185 ^ | Women's Restroom ^,0,180,280,350,straight,1,0,0,0,,NN,30
rosbag2_2026_08_20-17_28_28,0,tate,1,160,directional,room_single,"Classrooms 160, 170 ^ | Continental Scientific Drilling Facility 175 ^ | Classrooms 101, 105 > | Women's Restroom >",0,348,388,432,straight,1,0,0,0,,NN,30
rosbag2_2026_08_20-17_38_08,0,tate,,B57,directional,room_range,B55 - B59 < | B61 - B65 > | Women's Restroom >,0,232,353,373,turn_left,1,0,0,0,,NN,30
rosbag2_2026_08_20-17_43_32,0,tate,,Stairs,directional,building_wing,"B40, B45 ^ | B27 - B30 < | Stairs <",0,300,357,377,turn_left,1,0,0,0,,NN,30
rosbag2_2026_08_20-18_08_58,0,tate,,Morrill Hall,directional,building_wing,Morrill Hall > | Mechanical Engineering > | Electron Microprobe Lab >,0,204,254,294,turn_right,1,1,0,0,,NN,30
rosbag2_2026_08_20-18_21_01,0,tate,,S90,directional,room_range,S79 - S106 ^ | S50 - S74 > | Classroom B50 > | Elevator >,0,429,489,519,straight,1,1,0,0,,NN,30
rosbag2_2026_08_20-17_20_55,0,tate,1,Family Restroom,directional,building_wing,"130-01 to 130-37 ^ | 130 Personnel Entrance ^ | Family Restroom ^ | Classrooms 101, 105 < | 130 Faculty and Staff Offices < | Men's Restroom <",78,379,449,539,straight,1,1,0,0,,NN,30
rosbag2_2026_08_20-17_40_34,0,tate,,B83,directional,room_range,B70 - B85 >,0,307,498,528,turn_right,1,0,0,0,,NN,30
rosbag2_2026_08_20-17_41_42,0,tate,,B28,directional,room_range,"Classrooms B20, B50 < | Family Restroom < | Men's Restroom < | B27 - B30 > | B40, B45 >",0,405,461,480,turn_right,1,0,0,0,,NN,30
rosbag2_2026_08_20-17_42_38,0,tate,,Men's Restroom,directional,building_wing,"Classrooms B20, B50 < | Family Restroom < | Men's Restroom < | B27 - B30 > | B40, B45 >",0,318,361,431,turn_left,1,0,0,0,,NN,30
rosbag2_2026_08_20-17_44_27,0,tate,,B40,directional,room_single,"B40, B45 ^ | B27 - B30 < | Stairs <",0,238,268,268,straight,1,0,0,0,,NN,30
