bag,approach_idx,building,floor,goal,sign_situation,sign_type,sign_text,sign_visible_frame,flip_frame,junction_frame,sign_exit_frame,decision,decision_grounded,temporary_present,occluded,semantic_only,notes,annotator,fps,junction_visible_frame,type of sign,temp_text,temp_conflicting
rosbag2_2026_09_14-16_37_13,0,keller,6,6-210,directional ,room_range,6-115 to 6-189 ^ | 6-201 to 6-225 < | UMSEC 6-202 < ,44,124,320,452,straight,1,1,0,0,,NN,30,0,wall,left corridor is closed go straight,1
rosbag2_2026_09_14-16_44_14,0,keller,6,6-216,directional ,room_range,6-225 to 6-254 ^ | 6-192 to 6-199 ^ | 6-101 to 6-115 ^ | Restrooms ^ | Staff Elevator ^ | Stairs ^ | 6-201 to 6-217 > | UMSEC 6-202 >,0,90,296,419,straight,1,1,0,0,,NN,30,0,wall,right corridor is closed go straight,1
rosbag2_2026_09_14-16_53_00,0,keller,6,6-184,directional ,room_range,6-170 to 6-174 ^ | 6-120 to 6-128 ^ | Restrooms ^ | Staff Elevator ^ | Stairs ^ | 6-101 to 6-119 > | 6-176 to 6-199 > | 6-201 to 6-254 > | Main Elevators > | Restrooms > | Stairs > ,0,62,357,405,turn_right,1,1,0,0,,NN,30,0,wall,straight corridor is closed go right,0
rosbag2_2026_09_14-16_55_02,0,keller,6,6-145,directional ,room_range,6-130 to 6-169 ^ | Service Elevator ^ | 6-173 to 6-199 < | 6-201 to 6-250 < | Main Elevators < | Restrooms < | Stairs < ,0,150,252,333,straight,1,1,0,0,,NN,30,0,wall,left corridor is closed go straight,0
rosbag2_2026_09_14-16_59_29,0,keller,6,6-190,directional ,room_range,6-185 to 6-199 ^ | 6-201 to 6-254 ^ | UMSEC 6-202 ^ | 6-101 to 6-131 < | Main Elevators < | Restrooms < | Stairs < ,0,113,335,237,stop,1,1,0,0,,NN,30,0,wall,no entry,1
rosbag2_2026_09_14-17_01_17,0,keller,6,6-154,directional ,room_range,6-130 to 6-183 ^ | 6-101 to 6-129 > | Main Elevators > | Restrooms > | Stairs > ,0,200,550,375,stop,1,1,0,0,,NN,30,0,wall,no entry,1
rosbag2-hsec-24,0,hsec,2,Library,directional,building_wing,Gender Neutral Restrooms < | Health Sciences Student Lockers < | Library Group Study 2-237 to 2-245 < | Wangensteen Historical Library < | Wellness Room 2-242C <,0,266,620,657,turn_left,1,0,0,1,Put library as the goal instead of Wangensteen Historical Library to see if it would semantically work,NN,30,283,wall,,0
rosbag2-hsec-25,0,hsec,2,2-353,directional,room_range,Health Science Student Lockers < | Library Group Study 2-344 > | Seminar 2-350 to 2-366 > | Wangensteen Historical Library >,0,446,722,766,turn_right,1,0,0,0,,NN,30,496,wall,,0
rosbag2-hsec-26,0,hsec,2,Vending,directional,building_wing,"Active Learning Classrooms 2-110, 2-132, 2-138 ^ | Elevators ^ | Library Group Study 2-105, 2-113 ^ | Seminar Rooms 2-101A, 2-101B ^ | Restrooms ^ | Vending ^",0,301,377,485,straight,1,0,0,0,,NN,30,0,wall,,0
rosbag2-hsec-27,0,hsec,2,Phillips Wangensteen Building,directional,building_wing,Phillips Wangensteen Building > | Elevator Access >,0,261,599,324,turn_right,1,0,0,0,gopher way sign,NN,30,0,wall,,0
rosbag2-hsec-28,0,hsec,,Health Sciences Education Center,directional,building_wing,Health Sciences Education Center < | Diehl Hall ^ | Hospital ^,0,0,234,227,turn_left,1,0,0,0,,NN,30,0,head,,0
rosbag2-hsec-29,0,hsec,2,Hospital,directional,building_wing,Health Sciences Education Center < | Diehl Hall ^ | Hospital ^,0,0,215,313,straight,1,0,0,0,,NN,30,0,head,,0
rosbag2-hsec-30,0,hsec,2,Mayo Building,directional,building_wing,Diehl Hall < | Phillips-Wangensteen Bldg < | Hospital > | Mayo Bldg >,0,100,741,516,turn_right,1,0,0,1,put yes for semantic as the goal could be Mayo Building and the sign says Mayo Bldg.,NN,30,430,head,,0
