old_path,new_name,old_cache,new_cache,cache_present
training_day_4/rosbag2_2026_08_08-13_39_01,rosbag2-keller-t30,training_day_4_rosbag2_2026_08_08-13_39_01.npz,rosbag2-keller-t30.npz,True
training_day_4/rosbag2_2026_08_08-13_39_50,rosbag2-keller-t31,training_day_4_rosbag2_2026_08_08-13_39_50.npz,rosbag2-keller-t31.npz,True
training_day_4/rosbag2_2026_08_08-13_44_01,rosbag2-keller-t32,training_day_4_rosbag2_2026_08_08-13_44_01.npz,rosbag2-keller-t32.npz,True
training_day_4/rosbag2_2026_08_08-13_45_11,rosbag2-keller-t33,training_day_4_rosbag2_2026_08_08-13_45_11.npz,rosbag2-keller-t33.npz,True
training_day_4/rosbag2_2026_08_08-13_46_00,rosbag2-keller-t34,training_day_4_rosbag2_2026_08_08-13_46_00.npz,rosbag2-keller-t34.npz,True
training_day_4/rosbag2_2026_08_08-13_46_34,rosbag2-keller-t35,training_day_4_rosbag2_2026_08_08-13_46_34.npz,rosbag2-keller-t35.npz,True
training_day_4/rosbag2_2026_08_08-13_47_04,rosbag2-keller-t36,training_day_4_rosbag2_2026_08_08-13_47_04.npz,rosbag2-keller-t36.npz,True
training_day_4/rosbag2_2026_08_08-13_47_33,rosbag2-keller-t37,training_day_4_rosbag2_2026_08_08-13_47_33.npz,rosbag2-keller-t37.npz,True
training_day_4/rosbag2_2026_08_08-13_47_54,rosbag2-keller-t38,training_day_4_rosbag2_2026_08_08-13_47_54.npz,rosbag2-keller-t38.npz,True
training_day_4/rosbag2_2026_08_08-13_49_13,rosbag2-keller-t39,training_day_4_rosbag2_2026_08_08-13_49_13.npz,rosbag2-keller-t39.npz,True
training_day_4/rosbag2_2026_08_08-13_50_09,rosbag2-keller-t40,training_day_4_rosbag2_2026_08_08-13_50_09.npz,rosbag2-keller-t40.npz,True
training_day_4/rosbag2_2026_08_08-13_51_15,rosbag2-keller-t41,training_day_4_rosbag2_2026_08_08-13_51_15.npz,rosbag2-keller-t41.npz,True
training_day_4/rosbag2_2026_08_08-13_53_33,rosbag2-keller-t42,training_day_4_rosbag2_2026_08_08-13_53_33.npz,rosbag2-keller-t42.npz,True
training_day_4/rosbag2_2026_08_08-13_55_30,rosbag2-keller-t43,training_day_4_rosbag2_2026_08_08-13_55_30.npz,rosbag2-keller-t43.npz,True
training_day_4/rosbag2_2026_08_08-13_56_29,rosbag2-keller-t44,training_day_4_rosbag2_2026_08_08-13_56_29.npz,rosbag2-keller-t44.npz,True
training_day_4/rosbag2_2026_08_08-13_57_46,rosbag2-keller-t45,training_day_4_rosbag2_2026_08_08-13_57_46.npz,rosbag2-keller-t45.npz,True
training_day_4/rosbag2_2026_08_08-13_58_40,rosbag2-keller-t46,training_day_4_rosbag2_2026_08_08-13_58_40.npz,rosbag2-keller-t46.npz,True
training_day_4/rosbag2_2026_08_08-13_59_24,rosbag2-keller-t47,training_day_4_rosbag2_2026_08_08-13_59_24.npz,rosbag2-keller-t47.npz,True
training_day_4/rosbag2_2026_08_08-13_59_52,rosbag2-keller-t48,training_day_4_rosbag2_2026_08_08-13_59_52.npz,rosbag2-keller-t48.npz,True
training_day_4/rosbag2_2026_08_08-14_00_23,rosbag2-keller-t49,training_day_4_rosbag2_2026_08_08-14_00_23.npz,rosbag2-keller-t49.npz,True
training_day_4/rosbag2_2026_08_08-14_01_31,rosbag2-keller-t50,training_day_4_rosbag2_2026_08_08-14_01_31.npz,rosbag2-keller-t50.npz,True
training_day_4/rosbag2_2026_08_08-14_02_43,rosbag2-keller-t51,training_day_4_rosbag2_2026_08_08-14_02_43.npz,rosbag2-keller-t51.npz,True
training_day_4/rosbag2_2026_08_08-14_03_26,rosbag2-keller-t52,training_day_4_rosbag2_2026_08_08-14_03_26.npz,rosbag2-keller-t52.npz,True
training_day_4/rosbag2_2026_08_08-14_04_08,rosbag2-keller-t53,training_day_4_rosbag2_2026_08_08-14_04_08.npz,rosbag2-keller-t53.npz,True
training_day_4/rosbag2_2026_08_08-14_04_40,rosbag2-keller-t54,training_day_4_rosbag2_2026_08_08-14_04_40.npz,rosbag2-keller-t54.npz,True
training_day_4/rosbag2_2026_08_08-14_05_53,rosbag2-keller-t55,training_day_4_rosbag2_2026_08_08-14_05_53.npz,rosbag2-keller-t55.npz,True
training_day_4/rosbag2_2026_08_08-14_09_02,rosbag2-keller-t56,training_day_4_rosbag2_2026_08_08-14_09_02.npz,rosbag2-keller-t56.npz,True
training_day_4/rosbag2_2026_08_08-14_09_49,rosbag2-keller-t57,training_day_4_rosbag2_2026_08_08-14_09_49.npz,rosbag2-keller-t57.npz,True
training_day_4/rosbag2_2026_08_08-14_10_11,rosbag2-keller-t58,training_day_4_rosbag2_2026_08_08-14_10_11.npz,rosbag2-keller-t58.npz,True
training_day_4/rosbag2_2026_08_08-14_11_26,rosbag2-keller-t59,training_day_4_rosbag2_2026_08_08-14_11_26.npz,rosbag2-keller-t59.npz,True
training_day_4/rosbag2_2026_08_08-14_11_49,rosbag2-keller-t60,training_day_4_rosbag2_2026_08_08-14_11_49.npz,rosbag2-keller-t60.npz,True
training_day_4/rosbag2_2026_08_08-14_13_14,rosbag2-keller-t61,training_day_4_rosbag2_2026_08_08-14_13_14.npz,rosbag2-keller-t61.npz,True
training_day_4/rosbag2_2026_08_08-14_13_32,rosbag2-keller-t62,training_day_4_rosbag2_2026_08_08-14_13_32.npz,rosbag2-keller-t62.npz,True
training_day_4/rosbag2_2026_08_08-14_14_08,rosbag2-keller-t63,training_day_4_rosbag2_2026_08_08-14_14_08.npz,rosbag2-keller-t63.npz,True
training_day_4/rosbag2_2026_08_08-14_14_42,rosbag2-keller-t64,training_day_4_rosbag2_2026_08_08-14_14_42.npz,rosbag2-keller-t64.npz,True
training_day_4/rosbag2_2026_08_08-14_15_16,rosbag2-keller-t65,training_day_4_rosbag2_2026_08_08-14_15_16.npz,rosbag2-keller-t65.npz,True
training_day_4/rosbag2_2026_08_08-14_16_05,rosbag2-keller-t66,training_day_4_rosbag2_2026_08_08-14_16_05.npz,rosbag2-keller-t66.npz,True
training_day_4/rosbag2_2026_08_08-14_16_32,rosbag2-keller-t67,training_day_4_rosbag2_2026_08_08-14_16_32.npz,rosbag2-keller-t67.npz,True
training_day_4/rosbag2_2026_08_08-14_23_15,rosbag2-keller-t68,training_day_4_rosbag2_2026_08_08-14_23_15.npz,rosbag2-keller-t68.npz,True
training_day_4/rosbag2_2026_08_08-14_23_35,rosbag2-keller-t69,training_day_4_rosbag2_2026_08_08-14_23_35.npz,rosbag2-keller-t69.npz,True
training_day_4/rosbag2_2026_08_08-14_24_03,rosbag2-keller-t70,training_day_4_rosbag2_2026_08_08-14_24_03.npz,rosbag2-keller-t70.npz,True
training_day_4/rosbag2_2026_08_08-14_24_24,rosbag2-keller-t71,training_day_4_rosbag2_2026_08_08-14_24_24.npz,rosbag2-keller-t71.npz,True
training_day_4/rosbag2_2026_08_08-14_25_45,rosbag2-keller-t72,training_day_4_rosbag2_2026_08_08-14_25_45.npz,rosbag2-keller-t72.npz,True
training_day_4/rosbag2_2026_08_08-14_26_25,rosbag2-keller-t73,training_day_4_rosbag2_2026_08_08-14_26_25.npz,rosbag2-keller-t73.npz,True
training_day_4/rosbag2_2026_08_08-14_26_54,rosbag2-keller-t74,training_day_4_rosbag2_2026_08_08-14_26_54.npz,rosbag2-keller-t74.npz,True
training_day_4/rosbag2_2026_08_08-14_27_14,rosbag2-keller-t75,training_day_4_rosbag2_2026_08_08-14_27_14.npz,rosbag2-keller-t75.npz,True
training_day_4/rosbag2_2026_08_08-14_27_31,rosbag2-keller-t76,training_day_4_rosbag2_2026_08_08-14_27_31.npz,rosbag2-keller-t76.npz,True
training_day_4/rosbag2_2026_08_08-14_27_52,rosbag2-keller-t77,training_day_4_rosbag2_2026_08_08-14_27_52.npz,rosbag2-keller-t77.npz,True
training_day_4/rosbag2_2026_08_08-14_28_52,rosbag2-keller-t78,training_day_4_rosbag2_2026_08_08-14_28_52.npz,rosbag2-keller-t78.npz,True
training_day_4/rosbag2_2026_08_08-14_31_12,rosbag2-keller-t79,training_day_4_rosbag2_2026_08_08-14_31_12.npz,rosbag2-keller-t79.npz,True
training_day_4/rosbag2_2026_08_08-14_32_00,rosbag2-keller-t80,training_day_4_rosbag2_2026_08_08-14_32_00.npz,rosbag2-keller-t80.npz,True
training_day_4/rosbag2_2026_08_08-14_32_21,rosbag2-keller-t81,training_day_4_rosbag2_2026_08_08-14_32_21.npz,rosbag2-keller-t81.npz,True
training_day_4/rosbag2_2026_08_08-14_32_35,rosbag2-keller-t82,training_day_4_rosbag2_2026_08_08-14_32_35.npz,rosbag2-keller-t82.npz,True
training_day_4/rosbag2_2026_08_08-14_32_50,rosbag2-keller-t83,training_day_4_rosbag2_2026_08_08-14_32_50.npz,rosbag2-keller-t83.npz,True
training_day_4/rosbag2_2026_08_08-14_33_07,rosbag2-keller-t84,training_day_4_rosbag2_2026_08_08-14_33_07.npz,rosbag2-keller-t84.npz,True
training_day_4/rosbag2_2026_08_08-14_33_26,rosbag2-keller-t85,training_day_4_rosbag2_2026_08_08-14_33_26.npz,rosbag2-keller-t85.npz,True
training_day_4/rosbag2_2026_08_08-14_33_36,rosbag2-keller-t86,training_day_4_rosbag2_2026_08_08-14_33_36.npz,rosbag2-keller-t86.npz,True
training_day_4/rosbag2_2026_08_08-14_33_52,rosbag2-keller-t87,training_day_4_rosbag2_2026_08_08-14_33_52.npz,rosbag2-keller-t87.npz,True
training_day_4/rosbag2_2026_08_08-14_34_08,rosbag2-keller-t88,training_day_4_rosbag2_2026_08_08-14_34_08.npz,rosbag2-keller-t88.npz,True
training_day_4/rosbag2_2026_08_08-14_34_24,rosbag2-keller-t89,training_day_4_rosbag2_2026_08_08-14_34_24.npz,rosbag2-keller-t89.npz,True
training_day_4/rosbag2_2026_08_08-14_34_52,rosbag2-keller-t90,training_day_4_rosbag2_2026_08_08-14_34_52.npz,rosbag2-keller-t90.npz,True
training_day_4/rosbag2_2026_08_08-14_35_29,rosbag2-keller-t91,training_day_4_rosbag2_2026_08_08-14_35_29.npz,rosbag2-keller-t91.npz,True
training_day_4/rosbag2_2026_08_08-14_45_10,rosbag2-keller-t92,training_day_4_rosbag2_2026_08_08-14_45_10.npz,rosbag2-keller-t92.npz,True
training_day_4/rosbag2_2026_08_08-14_45_55,rosbag2-keller-t93,training_day_4_rosbag2_2026_08_08-14_45_55.npz,rosbag2-keller-t93.npz,True
training_day_5/rosbag2_2026_08_11-17_50_09,rosbag2-amundson-t2,training_day_5_rosbag2_2026_08_11-17_50_09.npz,rosbag2-amundson-t2.npz,True
training_day_5/rosbag2_2026_08_11-17_51_30,rosbag2-amundson-t3,training_day_5_rosbag2_2026_08_11-17_51_30.npz,rosbag2-amundson-t3.npz,True
training_day_5/rosbag2_2026_08_11-17_52_36,rosbag2-amundson-t4,training_day_5_rosbag2_2026_08_11-17_52_36.npz,rosbag2-amundson-t4.npz,True
training_day_5/rosbag2_2026_08_11-17_53_40,rosbag2-amundson-t5,training_day_5_rosbag2_2026_08_11-17_53_40.npz,rosbag2-amundson-t5.npz,True
training_day_5/rosbag2_2026_08_11-17_54_58,rosbag2-amundson-t6,training_day_5_rosbag2_2026_08_11-17_54_58.npz,rosbag2-amundson-t6.npz,True
training_day_5/rosbag2_2026_08_11-17_55_58,rosbag2-amundson-t7,training_day_5_rosbag2_2026_08_11-17_55_58.npz,rosbag2-amundson-t7.npz,True
training_day_5/rosbag2_2026_08_11-17_56_46,rosbag2-amundson-t8,training_day_5_rosbag2_2026_08_11-17_56_46.npz,rosbag2-amundson-t8.npz,True
training_day_5/rosbag2_2026_08_11-17_58_50,rosbag2-amundson-t9,training_day_5_rosbag2_2026_08_11-17_58_50.npz,rosbag2-amundson-t9.npz,True
training_day_5/rosbag2_2026_08_11-17_59_45,rosbag2-amundson-t10,training_day_5_rosbag2_2026_08_11-17_59_45.npz,rosbag2-amundson-t10.npz,True
training_day_5/rosbag2_2026_08_11-18_01_32,rosbag2-amundson-t11,training_day_5_rosbag2_2026_08_11-18_01_32.npz,rosbag2-amundson-t11.npz,True
training_day_5/rosbag2_2026_08_11-18_02_41,rosbag2-amundson-t12,training_day_5_rosbag2_2026_08_11-18_02_41.npz,rosbag2-amundson-t12.npz,True
training_day_5/rosbag2_2026_08_11-18_04_27,rosbag2-amundson-t13,training_day_5_rosbag2_2026_08_11-18_04_27.npz,rosbag2-amundson-t13.npz,True
training_day_5/rosbag2_2026_08_11-18_04_48,rosbag2-amundson-t14,training_day_5_rosbag2_2026_08_11-18_04_48.npz,rosbag2-amundson-t14.npz,True
training_day_5/rosbag2_2026_08_11-18_08_24,rosbag2-amundson-t15,training_day_5_rosbag2_2026_08_11-18_08_24.npz,rosbag2-amundson-t15.npz,True
training_day_5/rosbag2_2026_08_11-18_11_48,rosbag2-amundson-t16,training_day_5_rosbag2_2026_08_11-18_11_48.npz,rosbag2-amundson-t16.npz,True
training_day_5/rosbag2_2026_08_11-18_12_09,rosbag2-amundson-t17,training_day_5_rosbag2_2026_08_11-18_12_09.npz,rosbag2-amundson-t17.npz,True
training_day_5/rosbag2_2026_08_11-18_12_28,rosbag2-amundson-t18,training_day_5_rosbag2_2026_08_11-18_12_28.npz,rosbag2-amundson-t18.npz,True
training_day_5/rosbag2_2026_08_11-18_12_54,rosbag2-amundson-t19,training_day_5_rosbag2_2026_08_11-18_12_54.npz,rosbag2-amundson-t19.npz,True
training_day_5/rosbag2_2026_08_11-18_13_29,rosbag2-amundson-t20,training_day_5_rosbag2_2026_08_11-18_13_29.npz,rosbag2-amundson-t20.npz,True
training_day_5/rosbag2_2026_08_11-18_14_53,rosbag2-amundson-t21,training_day_5_rosbag2_2026_08_11-18_14_53.npz,rosbag2-amundson-t21.npz,True
training_day_5/rosbag2_2026_08_11-18_15_12,rosbag2-amundson-t22,training_day_5_rosbag2_2026_08_11-18_15_12.npz,rosbag2-amundson-t22.npz,True
training_day_5/rosbag2_2026_08_11-18_16_20,rosbag2-amundson-t23,training_day_5_rosbag2_2026_08_11-18_16_20.npz,rosbag2-amundson-t23.npz,True
training_day_5/rosbag2_2026_08_11-18_16_44,rosbag2-amundson-t24,training_day_5_rosbag2_2026_08_11-18_16_44.npz,rosbag2-amundson-t24.npz,True
20aug-tate-keller/rosbag2_2026_08_20-17_12_19,rosbag2-keller-t94,20aug_rosbag2_2026_08_20-17_12_19.npz,rosbag2-keller-t94.npz,True
20aug-tate-keller/rosbag2_2026_08_20-17_13_22,rosbag2-keller-t95,20aug_rosbag2_2026_08_20-17_13_22.npz,rosbag2-keller-t95.npz,True
20aug-tate-keller/rosbag2_2026_08_20-17_14_52,rosbag2-keller-t96,20aug_rosbag2_2026_08_20-17_14_52.npz,rosbag2-keller-t96.npz,True
20aug-tate-keller/rosbag2_2026_08_20-17_18_32,rosbag2-keller-t97,20aug_rosbag2_2026_08_20-17_18_32.npz,rosbag2-keller-t97.npz,True
20aug-tate-keller/rosbag2_2026_08_20-17_20_55,rosbag2-keller-t98,20aug_rosbag2_2026_08_20-17_20_55.npz,rosbag2-keller-t98.npz,True
20aug-tate-keller/rosbag2_2026_08_20-17_22_43,rosbag2-keller-t99,20aug_rosbag2_2026_08_20-17_22_43.npz,rosbag2-keller-t99.npz,True
20aug-tate-keller/rosbag2_2026_08_20-17_28_28,rosbag2-keller-t100,20aug_rosbag2_2026_08_20-17_28_28.npz,rosbag2-keller-t100.npz,True
20aug-tate-keller/rosbag2_2026_08_20-17_30_56,rosbag2-keller-t101,20aug_rosbag2_2026_08_20-17_30_56.npz,rosbag2-keller-t101.npz,True
20aug-tate-keller/rosbag2_2026_08_20-17_38_08,rosbag2-keller-t102,20aug_rosbag2_2026_08_20-17_38_08.npz,rosbag2-keller-t102.npz,True
20aug-tate-keller/rosbag2_2026_08_20-17_39_11,rosbag2-keller-t103,20aug_rosbag2_2026_08_20-17_39_11.npz,rosbag2-keller-t103.npz,True
20aug-tate-keller/rosbag2_2026_08_20-17_40_34,rosbag2-keller-t104,20aug_rosbag2_2026_08_20-17_40_34.npz,rosbag2-keller-t104.npz,True
20aug-tate-keller/rosbag2_2026_08_20-17_41_42,rosbag2-keller-t105,20aug_rosbag2_2026_08_20-17_41_42.npz,rosbag2-keller-t105.npz,True
20aug-tate-keller/rosbag2_2026_08_20-17_42_38,rosbag2-keller-t106,20aug_rosbag2_2026_08_20-17_42_38.npz,rosbag2-keller-t106.npz,True
20aug-tate-keller/rosbag2_2026_08_20-17_43_32,rosbag2-keller-t107,20aug_rosbag2_2026_08_20-17_43_32.npz,rosbag2-keller-t107.npz,True
20aug-tate-keller/rosbag2_2026_08_20-17_44_27,rosbag2-keller-t108,20aug_rosbag2_2026_08_20-17_44_27.npz,rosbag2-keller-t108.npz,True
20aug-tate-keller/rosbag2_2026_08_20-17_45_35,rosbag2-keller-t109,20aug_rosbag2_2026_08_20-17_45_35.npz,rosbag2-keller-t109.npz,True
20aug-tate-keller/rosbag2_2026_08_20-18_08_58,rosbag2-keller-t110,20aug_rosbag2_2026_08_20-18_08_58.npz,rosbag2-keller-t110.npz,True
20aug-tate-keller/rosbag2_2026_08_20-18_11_09,rosbag2-keller-t111,20aug_rosbag2_2026_08_20-18_11_09.npz,rosbag2-keller-t111.npz,True
20aug-tate-keller/rosbag2_2026_08_20-18_11_54,rosbag2-keller-t112,20aug_rosbag2_2026_08_20-18_11_54.npz,rosbag2-keller-t112.npz,True
20aug-tate-keller/rosbag2_2026_08_20-18_16_36,rosbag2-keller-t113,20aug_rosbag2_2026_08_20-18_16_36.npz,rosbag2-keller-t113.npz,True
20aug-tate-keller/rosbag2_2026_08_20-18_21_01,rosbag2-keller-t114,20aug_rosbag2_2026_08_20-18_21_01.npz,rosbag2-keller-t114.npz,True
20aug-tate-keller/rosbag2_2026_08_20-18_34_52,rosbag2-keller-t115,20aug_rosbag2_2026_08_20-18_34_52.npz,rosbag2-keller-t115.npz,True
20aug-tate-keller/rosbag2_2026_08_20-18_45_34,rosbag2-keller-t116,20aug_rosbag2_2026_08_20-18_45_34.npz,rosbag2-keller-t116.npz,True
20aug-tate-keller/rosbag2_2026_08_20-18_47_20,rosbag2-keller-t117,20aug_rosbag2_2026_08_20-18_47_20.npz,rosbag2-keller-t117.npz,True
20aug-tate-keller/rosbag2_2026_08_20-18_53_30,rosbag2-keller-t118,20aug_rosbag2_2026_08_20-18_53_30.npz,rosbag2-keller-t118.npz,True
20aug-tate-keller/rosbag2_2026_08_21-16_01_39,rosbag2-keller-t119,21aug_rosbag2_2026_08_21-16_01_39.npz,rosbag2-keller-t119.npz,True
20aug-tate-keller/rosbag2_2026_08_21-16_02_41,rosbag2-keller-t120,21aug_rosbag2_2026_08_21-16_02_41.npz,rosbag2-keller-t120.npz,True
20aug-tate-keller/rosbag2_2026_08_21-16_02_58,rosbag2-keller-t121,21aug_rosbag2_2026_08_21-16_02_58.npz,rosbag2-keller-t121.npz,True
20aug-tate-keller/rosbag2_2026_08_21-16_03_17,rosbag2-keller-t122,21aug_rosbag2_2026_08_21-16_03_17.npz,rosbag2-keller-t122.npz,True
20aug-tate-keller/rosbag2_2026_08_21-16_03_48,rosbag2-keller-t123,21aug_rosbag2_2026_08_21-16_03_48.npz,rosbag2-keller-t123.npz,True
20aug-tate-keller/rosbag2_2026_08_21-16_04_17,rosbag2-keller-t124,21aug_rosbag2_2026_08_21-16_04_17.npz,rosbag2-keller-t124.npz,True
20aug-tate-keller/rosbag2_2026_08_21-16_04_39,rosbag2-keller-t125,21aug_rosbag2_2026_08_21-16_04_39.npz,rosbag2-keller-t125.npz,True
20aug-tate-keller/rosbag2_2026_08_21-16_04_59,rosbag2-keller-t126,21aug_rosbag2_2026_08_21-16_04_59.npz,rosbag2-keller-t126.npz,True
20aug-tate-keller/rosbag2_2026_08_21-16_06_16,rosbag2-keller-t127,21aug_rosbag2_2026_08_21-16_06_16.npz,rosbag2-keller-t127.npz,True
20aug-tate-keller/rosbag2_2026_08_21-16_06_56,rosbag2-keller-t128,21aug_rosbag2_2026_08_21-16_06_56.npz,rosbag2-keller-t128.npz,True
20aug-tate-keller/rosbag2_2026_08_21-16_07_54,rosbag2-keller-t129,21aug_rosbag2_2026_08_21-16_07_54.npz,rosbag2-keller-t129.npz,True
20aug-tate-keller/rosbag2_2026_08_21-16_08_12,rosbag2-keller-t130,21aug_rosbag2_2026_08_21-16_08_12.npz,rosbag2-keller-t130.npz,True
20aug-tate-keller/rosbag2_2026_08_21-16_17_22,rosbag2-keller-t131,21aug_rosbag2_2026_08_21-16_17_22.npz,rosbag2-keller-t131.npz,True
20aug-tate-keller/rosbag2_2026_08_21-16_17_45,rosbag2-keller-t132,21aug_rosbag2_2026_08_21-16_17_45.npz,rosbag2-keller-t132.npz,True
20aug-tate-keller/rosbag2_2026_08_21-16_18_52,rosbag2-keller-t133,21aug_rosbag2_2026_08_21-16_18_52.npz,rosbag2-keller-t133.npz,True
20aug-tate-keller/rosbag2_2026_08_21-16_19_12,rosbag2-keller-t134,21aug_rosbag2_2026_08_21-16_19_12.npz,rosbag2-keller-t134.npz,True
20aug-tate-keller/rosbag2_2026_08_21-16_20_26,rosbag2-keller-t135,21aug_rosbag2_2026_08_21-16_20_26.npz,rosbag2-keller-t135.npz,True
20aug-tate-keller/rosbag2_2026_08_21-16_21_11,rosbag2-keller-t136,21aug_rosbag2_2026_08_21-16_21_11.npz,rosbag2-keller-t136.npz,True
20aug-tate-keller/rosbag2_2026_08_21-16_21_31,rosbag2-keller-t137,21aug_rosbag2_2026_08_21-16_21_31.npz,rosbag2-keller-t137.npz,True
20aug-tate-keller/rosbag2_2026_08_21-16_21_49,rosbag2-keller-t138,21aug_rosbag2_2026_08_21-16_21_49.npz,rosbag2-keller-t138.npz,True
20aug-tate-keller/rosbag2_2026_08_21-16_26_43,rosbag2-keller-t139,21aug_rosbag2_2026_08_21-16_26_43.npz,rosbag2-keller-t139.npz,True
20aug-tate-keller/rosbag2_2026_08_21-16_27_40,rosbag2-keller-t140,21aug_rosbag2_2026_08_21-16_27_40.npz,rosbag2-keller-t140.npz,True
20aug-tate-keller/rosbag2_2026_08_21-16_28_39,rosbag2-keller-t141,21aug_rosbag2_2026_08_21-16_28_39.npz,rosbag2-keller-t141.npz,True
20aug-tate-keller/rosbag2_2026_08_21-16_30_19,rosbag2-keller-t142,21aug_rosbag2_2026_08_21-16_30_19.npz,rosbag2-keller-t142.npz,True
20aug-tate-keller/rosbag2_2026_08_21-16_30_45,rosbag2-keller-t143,21aug_rosbag2_2026_08_21-16_30_45.npz,rosbag2-keller-t143.npz,True
20aug-tate-keller/rosbag2_2026_08_21-16_31_10,rosbag2-keller-t144,21aug_rosbag2_2026_08_21-16_31_10.npz,rosbag2-keller-t144.npz,True
20aug-tate-keller/rosbag2_2026_08_21-16_31_46,rosbag2-keller-t145,21aug_rosbag2_2026_08_21-16_31_46.npz,rosbag2-keller-t145.npz,True
20aug-tate-keller/rosbag2_2026_08_21-16_33_03,rosbag2-keller-t146,21aug_rosbag2_2026_08_21-16_33_03.npz,rosbag2-keller-t146.npz,True
20aug-tate-keller/rosbag2_2026_08_21-16_33_28,rosbag2-keller-t147,21aug_rosbag2_2026_08_21-16_33_28.npz,rosbag2-keller-t147.npz,True
20aug-tate-keller/rosbag2_2026_08_21-16_34_02,rosbag2-keller-t148,21aug_rosbag2_2026_08_21-16_34_02.npz,rosbag2-keller-t148.npz,True
20aug-tate-keller/rosbag2_2026_08_21-16_34_33,rosbag2-keller-t149,21aug_rosbag2_2026_08_21-16_34_33.npz,rosbag2-keller-t149.npz,True
20aug-tate-keller/rosbag2_2026_08_21-16_34_59,rosbag2-keller-t150,21aug_rosbag2_2026_08_21-16_34_59.npz,rosbag2-keller-t150.npz,True
20aug-tate-keller/rosbag2_2026_08_21-16_35_32,rosbag2-keller-t151,21aug_rosbag2_2026_08_21-16_35_32.npz,rosbag2-keller-t151.npz,True
20aug-tate-keller/rosbag2_2026_08_21-16_36_29,rosbag2-keller-t152,21aug_rosbag2_2026_08_21-16_36_29.npz,rosbag2-keller-t152.npz,True
20aug-tate-keller/rosbag2_2026_08_21-16_36_56,rosbag2-keller-t153,21aug_rosbag2_2026_08_21-16_36_56.npz,rosbag2-keller-t153.npz,True
20aug-tate-keller/rosbag2_2026_08_21-16_39_50,rosbag2-keller-t155,21aug_rosbag2_2026_08_21-16_39_50.npz,rosbag2-keller-t155.npz,True
20aug-tate-keller/rosbag2_2026_08_21-16_40_13,rosbag2-keller-t156,21aug_rosbag2_2026_08_21-16_40_13.npz,rosbag2-keller-t156.npz,True
20aug-tate-keller/rosbag2_2026_08_21-16_40_58,rosbag2-keller-t157,21aug_rosbag2_2026_08_21-16_40_58.npz,rosbag2-keller-t157.npz,True
20aug-tate-keller/rosbag2_2026_08_21-16_41_34,rosbag2-keller-t158,21aug_rosbag2_2026_08_21-16_41_34.npz,rosbag2-keller-t158.npz,True
20aug-tate-keller/rosbag2_2026_08_21-16_42_01,rosbag2-keller-t159,21aug_rosbag2_2026_08_21-16_42_01.npz,rosbag2-keller-t159.npz,True
20aug-tate-keller/rosbag2_2026_08_21-16_42_24,rosbag2-keller-t160,21aug_rosbag2_2026_08_21-16_42_24.npz,rosbag2-keller-t160.npz,True
20aug-tate-keller/rosbag2_2026_08_21-16_42_49,rosbag2-keller-t161,21aug_rosbag2_2026_08_21-16_42_49.npz,rosbag2-keller-t161.npz,True
20aug-tate-keller/rosbag2_2026_08_21-16_43_07,rosbag2-keller-t162,21aug_rosbag2_2026_08_21-16_43_07.npz,rosbag2-keller-t162.npz,True
20aug-tate-keller/rosbag2_2026_08_21-16_44_52,rosbag2-keller-t163,21aug_rosbag2_2026_08_21-16_44_52.npz,rosbag2-keller-t163.npz,True
20aug-tate-keller/rosbag2_2026_08_21-16_45_21,rosbag2-keller-t164,21aug_rosbag2_2026_08_21-16_45_21.npz,rosbag2-keller-t164.npz,True
20aug-tate-keller/rosbag2_2026_08_21-16_45_55,rosbag2-keller-t165,21aug_rosbag2_2026_08_21-16_45_55.npz,rosbag2-keller-t165.npz,True
20aug-tate-keller/rosbag2_2026_08_21-16_51_18,rosbag2-keller-t166,21aug_rosbag2_2026_08_21-16_51_18.npz,rosbag2-keller-t166.npz,True
20aug-tate-keller/rosbag2_2026_08_21-16_51_48,rosbag2-keller-t167,21aug_rosbag2_2026_08_21-16_51_48.npz,rosbag2-keller-t167.npz,True
20aug-tate-keller/rosbag2_2026_08_21-16_53_10,rosbag2-keller-t168,21aug_rosbag2_2026_08_21-16_53_10.npz,rosbag2-keller-t168.npz,True
